Latitude,Longitude,Foursquare Name,Distance,Popularity,Rating,Price
53.35023,-6.279696,"0       Urbanity Coffee
1       The Porterhouse
2       Lilliput Stores
3       Brother Hubbard
4              Hacienda
5    Light House Cinema
6            PHX Bistro
7        Queen of Tarts
8                  BoCo
9             Oxmantown
Name: name, dtype: object",0,"0    0.992885
1    0.995971
2    0.958540
3    0.976313
4    0.920853
5    0.990199
6    0.949454
7    0.976742
8    0.961255
9    0.953769
Name: popularity, dtype: float64","0    9.3
1    9.2
2    9.1
3    9.1
4    9.1
5    9.1
6    9.1
7    9.0
8    9.0
9    8.9
Name: rating, dtype: float64","0    1.0
1    2.0
2    NaN
3    2.0
4    1.0
5    NaN
6    NaN
7    2.0
8    1.0
9    1.0
Name: price, dtype: float64"
53.357841,-6.251557,"0                     147 Deli
1      Gate Theatre Box Office
2           Croke Park Stadium
3               La Pausa Caffe
4                 Coffee Angel
5             The Pig & Heifer
6       Chapter One Restaurant
7        Delfin English School
8    El Grito Mexican Taqueria
9                     Da Mimmo
Name: name, dtype: object",0,"0    0.977284
1    0.929310
2    0.997200
3    0.977342
4    0.982028
5    0.980113
6    0.956798
7    0.958969
8    0.977656
9    0.894280
Name: popularity, dtype: float64","0    9.4
1    9.0
2    9.0
3    9.0
4    8.9
5    8.9
6    8.8
7    8.7
8    8.7
9    8.7
Name: rating, dtype: float64","0    1.0
1    NaN
2    NaN
3    1.0
4    1.0
5    1.0
6    NaN
7    NaN
8    1.0
9    2.0
Name: price, dtype: float64"
53.356307,-6.273717,"0                   147 Deli
1            Lilliput Stores
2                   Hacienda
3         Light House Cinema
4                       BoCo
5    Gate Theatre Box Office
6             La Pausa Caffe
7     Old Jameson Distillery
8            The Black Sheep
9             The Bald Eagle
Name: name, dtype: object",0,"0    0.977284
1    0.958540
2    0.920853
3    0.990199
4    0.961255
5    0.929310
6    0.977342
7    0.998857
8    0.984371
9    0.981770
Name: popularity, dtype: float64","0    9.4
1    9.1
2    9.1
3    9.1
4    9.0
5    9.0
6    9.0
7    8.9
8    8.8
9    8.8
Name: rating, dtype: float64","0    1.0
1    NaN
2    1.0
3    NaN
4    1.0
5    NaN
6    1.0
7    2.0
8    2.0
9    3.0
Name: price, dtype: float64"
53.349562,-6.278198,"0     St Patrick's Park
1       Urbanity Coffee
2       The Porterhouse
3       Lilliput Stores
4       Brother Hubbard
5              Hacienda
6    Light House Cinema
7            PHX Bistro
8        Queen of Tarts
9                  BoCo
Name: name, dtype: object",0,"0    0.999257
1    0.992885
2    0.995971
3    0.958540
4    0.976313
5    0.920853
6    0.990199
7    0.949454
8    0.976742
9    0.961255
Name: popularity, dtype: float64","0    9.3
1    9.3
2    9.2
3    9.1
4    9.1
5    9.1
6    9.1
7    9.1
8    9.0
9    9.0
Name: rating, dtype: float64","0    NaN
1    1.0
2    2.0
3    NaN
4    2.0
5    1.0
6    NaN
7    NaN
8    2.0
9    1.0
Name: price, dtype: float64"
53.336021,-6.26298,"0           St. Stephen's Green
1                 Hodges Figgis
2             St Patrick's Park
3           Merrion Square Park
4                 College Green
5                Iveagh Gardens
6             Murphys Ice Cream
7    Teeling Whiskey Distillery
8                Fallon & Byrne
9                   Bibi's Cafe
Name: name, dtype: object",0,"0    0.999829
1    0.997400
2    0.999257
3    0.999486
4    0.998543
5    0.983256
6    0.994857
7    0.995400
8    0.985942
9    0.956512
Name: popularity, dtype: float64","0    9.5
1    9.4
2    9.3
3    9.2
4    9.2
5    9.2
6    9.1
7    9.1
8    9.1
9    9.1
Name: rating, dtype: float64","0    NaN
1    NaN
2    NaN
3    NaN
4    NaN
5    NaN
6    1.0
7    NaN
8    2.0
9    2.0
Name: price, dtype: float64"
53.359405,-6.276142,"0                        BoCo
1              La Pausa Caffe
2      Chapter One Restaurant
3              The Bald Eagle
4               The Back Page
5                       Slice
6              Clarkes Bakery
7            Blessington Park
8    Sweeney's Wine Merchants
9            Midnight Express
Name: name, dtype: object",0,"0    0.961255
1    0.977342
2    0.956798
3    0.981770
4    0.967970
5    0.960055
6    0.932853
7    0.996543
8    0.992771
9    0.935711
Name: popularity, dtype: float64","0    9.0
1    9.0
2    8.8
3    8.8
4    8.7
5    8.4
6    8.3
7    8.3
8    8.3
9    8.0
Name: rating, dtype: float64","0    1.0
1    1.0
2    NaN
3    3.0
4    2.0
5    1.0
6    1.0
7    NaN
8    NaN
9    1.0
Name: price, dtype: float64"
53.33796,-6.24153,"0           Merrion Square Park
1    Apartment Grand Canal Dock
2    Third Floor Espresso (3FE)
3                   Coffeeangel
4             Juniors Deli Cafe
5                Paulie's Pizza
6                    Press Cafe
7                    Lotts & Co
8                 Aviva Stadium
9      Bord Gáis Energy Theatre
Name: name, dtype: object",0,"0    0.999486
1    0.953369
2    0.992485
3    0.985342
4    0.913995
5    0.940425
6    0.918452
7    0.976884
8    0.995114
9    0.980513
Name: popularity, dtype: float64","0    9.2
1    9.1
2    9.1
3    9.0
4    9.0
5    9.0
6    8.9
7    8.9
8    8.9
9    8.9
Name: rating, dtype: float64","0    NaN
1    NaN
2    2.0
3    1.0
4    2.0
5    2.0
6    1.0
7    NaN
8    2.0
9    NaN
Name: price, dtype: float64"
53.343368,-6.27012,"0           St. Stephen's Green
1                 Hodges Figgis
2             St Patrick's Park
3               Urbanity Coffee
4               The Porterhouse
5         Vintage Cocktail Club
6                 College Green
7             Murphys Ice Cream
8    Teeling Whiskey Distillery
9                Fallon & Byrne
Name: name, dtype: object",0,"0    0.999829
1    0.997400
2    0.999257
3    0.992885
4    0.995971
5    0.963312
6    0.998543
7    0.994857
8    0.995400
9    0.985942
Name: popularity, dtype: float64","0    9.5
1    9.4
2    9.3
3    9.3
4    9.2
5    9.2
6    9.2
7    9.1
8    9.1
9    9.1
Name: rating, dtype: float64","0    NaN
1    NaN
2    NaN
3    1.0
4    2.0
5    3.0
6    NaN
7    1.0
8    NaN
9    2.0
Name: price, dtype: float64"
53.334123,-6.265436,"0           St. Stephen's Green
1             St Patrick's Park
2                Iveagh Gardens
3    Teeling Whiskey Distillery
4                   Bibi's Cafe
5                      P. Mac's
6        Butlers Chocolate Café
7                     Blackbird
8                        Bunsen
9              Green Bench Cafe
Name: name, dtype: object",0,"0    0.999829
1    0.999257
2    0.983256
3    0.995400
4    0.956512
5    0.973084
6    0.998714
7    0.985456
8    0.968627
9    0.898166
Name: popularity, dtype: float64","0    9.5
1    9.3
2    9.2
3    9.1
4    9.1
5    9.0
6    9.0
7    9.0
8    9.0
9    9.0
Name: rating, dtype: float64","0    NaN
1    NaN
2    NaN
3    NaN
4    2.0
5    2.0
6    1.0
7    2.0
8    2.0
9    1.0
Name: price, dtype: float64"
53.344304,-6.250427,"0                 St. Stephen's Green
1                       Hodges Figgis
2                 Merrion Square Park
3               Vintage Cocktail Club
4                       College Green
5                   Murphys Ice Cream
6          Apartment Grand Canal Dock
7                      Fallon & Byrne
8    EPIC The Irish Emigration Museum
9          Irish Film Institute (IFI)
Name: name, dtype: object",0,"0    0.999829
1    0.997400
2    0.999486
3    0.963312
4    0.998543
5    0.994857
6    0.953369
7    0.985942
8    0.997143
9    0.970627
Name: popularity, dtype: float64","0    9.5
1    9.4
2    9.2
3    9.2
4    9.2
5    9.1
6    9.1
7    9.1
8    9.1
9    9.1
Name: rating, dtype: float64","0    NaN
1    NaN
2    NaN
3    3.0
4    NaN
5    1.0
6    NaN
7    2.0
8    NaN
9    2.0
Name: price, dtype: float64"
53.338755,-6.262003,"0      St. Stephen's Green
1            Hodges Figgis
2        St Patrick's Park
3      Merrion Square Park
4          The Porterhouse
5    Vintage Cocktail Club
6            College Green
7           Iveagh Gardens
8        Murphys Ice Cream
9           Fallon & Byrne
Name: name, dtype: object",0,"0    0.999829
1    0.997400
2    0.999257
3    0.999486
4    0.995971
5    0.963312
6    0.998543
7    0.983256
8    0.994857
9    0.985942
Name: popularity, dtype: float64","0    9.5
1    9.4
2    9.3
3    9.2
4    9.2
5    9.2
6    9.2
7    9.2
8    9.1
9    9.1
Name: rating, dtype: float64","0    NaN
1    NaN
2    NaN
3    NaN
4    2.0
5    3.0
6    NaN
7    NaN
8    1.0
9    2.0
Name: price, dtype: float64"
53.347777,-6.244239,"0                 Merrion Square Park
1          Apartment Grand Canal Dock
2    EPIC The Irish Emigration Museum
3          Third Floor Espresso (3FE)
4                    Shoe Lane Coffee
5                         Coffeeangel
6                     Famine Memorial
7                    The Pig & Heifer
8            Bord Gáis Energy Theatre
9                       Cassidy's Bar
Name: name, dtype: object",0,"0    0.999486
1    0.953369
2    0.997143
3    0.992485
4    0.989771
5    0.985342
6    0.981713
7    0.980113
8    0.980513
9    0.997628
Name: popularity, dtype: float64","0    9.2
1    9.1
2    9.1
3    9.1
4    9.0
5    9.0
6    8.9
7    8.9
8    8.9
9    8.8
Name: rating, dtype: float64","0    NaN
1    NaN
2    NaN
3    2.0
4    1.0
5    1.0
6    NaN
7    1.0
8    NaN
9    2.0
Name: price, dtype: float64"
53.336074,-6.252825,"0           St. Stephen's Green
1                 Hodges Figgis
2           Merrion Square Park
3                Iveagh Gardens
4             Murphys Ice Cream
5    Third Floor Espresso (3FE)
6                      P. Mac's
7        Butlers Chocolate Café
8                        Bunsen
9                   Coffeeangel
Name: name, dtype: object",0,"0    0.999829
1    0.997400
2    0.999486
3    0.983256
4    0.994857
5    0.992485
6    0.973084
7    0.998714
8    0.968627
9    0.985342
Name: popularity, dtype: float64","0    9.5
1    9.4
2    9.2
3    9.2
4    9.1
5    9.1
6    9.0
7    9.0
8    9.0
9    9.0
Name: rating, dtype: float64","0    NaN
1    NaN
2    NaN
3    NaN
4    1.0
5    2.0
6    2.0
7    1.0
8    2.0
9    1.0
Name: price, dtype: float64"
53.330091,-6.268044,"0           Iveagh Gardens
1                Ernesto's
2              Bibi's Cafe
3         Hang Dai Chinese
4    Nick's Coffee Company
5           Stella Theatre
6                Blackbird
7                   Bunsen
8         Green Bench Cafe
9    Brother Hubbard South
Name: name, dtype: object",0,"0    0.983256
1    0.973570
2    0.956512
3    0.938311
4    0.923967
5    0.954283
6    0.985456
7    0.968627
8    0.898166
9    0.982570
Name: popularity, dtype: float64","0    9.2
1    9.1
2    9.1
3    9.0
4    9.0
5    9.0
6    9.0
7    9.0
8    9.0
9    9.0
Name: rating, dtype: float64","0    NaN
1    1.0
2    2.0
3    1.0
4    1.0
5    NaN
6    2.0
7    2.0
8    1.0
9    1.0
Name: price, dtype: float64"
53.350929,-6.265125,"0                      147 Deli
1               The Porterhouse
2         Vintage Cocktail Club
3                 College Green
4             Murphys Ice Cream
5                Fallon & Byrne
6               Brother Hubbard
7                      Hacienda
8    Irish Film Institute (IFI)
9            Light House Cinema
Name: name, dtype: object",0,"0    0.977284
1    0.995971
2    0.963312
3    0.998543
4    0.994857
5    0.985942
6    0.976313
7    0.920853
8    0.970627
9    0.990199
Name: popularity, dtype: float64","0    9.4
1    9.2
2    9.2
3    9.2
4    9.1
5    9.1
6    9.1
7    9.1
8    9.1
9    9.1
Name: rating, dtype: float64","0    1.0
1    2.0
2    3.0
3    NaN
4    1.0
5    2.0
6    2.0
7    1.0
8    2.0
9    NaN
Name: price, dtype: float64"
53.341515,-6.256853,"0      St. Stephen's Green
1            Hodges Figgis
2      Merrion Square Park
3          The Porterhouse
4    Vintage Cocktail Club
5            College Green
6           Iveagh Gardens
7        Murphys Ice Cream
8           Fallon & Byrne
9          Brother Hubbard
Name: name, dtype: object",0,"0    0.999829
1    0.997400
2    0.999486
3    0.995971
4    0.963312
5    0.998543
6    0.983256
7    0.994857
8    0.985942
9    0.976313
Name: popularity, dtype: float64","0    9.5
1    9.4
2    9.2
3    9.2
4    9.2
5    9.2
6    9.2
7    9.1
8    9.1
9    9.1
Name: rating, dtype: float64","0    NaN
1    NaN
2    NaN
3    2.0
4    3.0
5    NaN
6    NaN
7    1.0
8    2.0
9    2.0
Name: price, dtype: float64"
53.348279,-6.254662,"0                       Hodges Figgis
1                            147 Deli
2                 Merrion Square Park
3                     The Porterhouse
4               Vintage Cocktail Club
5                       College Green
6                   Murphys Ice Cream
7                      Fallon & Byrne
8                     Brother Hubbard
9    EPIC The Irish Emigration Museum
Name: name, dtype: object",0,"0    0.997400
1    0.977284
2    0.999486
3    0.995971
4    0.963312
5    0.998543
6    0.994857
7    0.985942
8    0.976313
9    0.997143
Name: popularity, dtype: float64","0    9.4
1    9.4
2    9.2
3    9.2
4    9.2
5    9.2
6    9.1
7    9.1
8    9.1
9    9.1
Name: rating, dtype: float64","0    NaN
1    1.0
2    NaN
3    2.0
4    3.0
5    NaN
6    1.0
7    2.0
8    2.0
9    NaN
Name: price, dtype: float64"
53.35893,-6.280337,"0        The Bald Eagle
1         The Back Page
2                 Slice
3        Clarkes Bakery
4      Blessington Park
5    L. Mulligan Grocer
6                 Grano
7       The Drink Store
8             Bang Bang
9         Two Boys Brew
Name: name, dtype: object",0,"0    0.981770
1    0.967970
2    0.960055
3    0.932853
4    0.996543
5    0.962112
6    0.976713
7    0.962969
8    0.955140
9    0.947654
Name: popularity, dtype: float64","0    8.8
1    8.7
2    8.4
3    8.3
4    8.3
5    8.3
6    8.1
7    8.0
8    8.0
9    8.0
Name: rating, dtype: float64","0    3.0
1    2.0
2    1.0
3    1.0
4    NaN
5    3.0
6    2.0
7    NaN
8    1.0
9    1.0
Name: price, dtype: float64"
53.344115,-6.237153,"0                 Merrion Square Park
1          Apartment Grand Canal Dock
2    EPIC The Irish Emigration Museum
3          Third Floor Espresso (3FE)
4                   Juniors Deli Cafe
5                      Paulie's Pizza
6                     Famine Memorial
7                          Lotts & Co
8            Bord Gáis Energy Theatre
9                  Oscar Wilde Statue
Name: name, dtype: object",0,"0    0.999486
1    0.953369
2    0.997143
3    0.992485
4    0.913995
5    0.940425
6    0.981713
7    0.976884
8    0.980513
9    0.996228
Name: popularity, dtype: float64","0    9.2
1    9.1
2    9.1
3    9.1
4    9.0
5    9.0
6    8.9
7    8.9
8    8.9
9    8.8
Name: rating, dtype: float64","0    NaN
1    NaN
2    NaN
3    2.0
4    2.0
5    2.0
6    NaN
7    NaN
8    NaN
9    NaN
Name: price, dtype: float64"
53.343893,-6.280531,"0             St Patrick's Park
1               Urbanity Coffee
2               The Porterhouse
3    Teeling Whiskey Distillery
4               Lilliput Stores
5               Brother Hubbard
6                      Hacienda
7            Light House Cinema
8                    PHX Bistro
9                Queen of Tarts
Name: name, dtype: object",0,"0    0.999257
1    0.992885
2    0.995971
3    0.995400
4    0.958540
5    0.976313
6    0.920853
7    0.990199
8    0.949454
9    0.976742
Name: popularity, dtype: float64","0    9.3
1    9.3
2    9.2
3    9.1
4    9.1
5    9.1
6    9.1
7    9.1
8    9.1
9    9.0
Name: rating, dtype: float64","0    NaN
1    1.0
2    2.0
3    NaN
4    NaN
5    2.0
6    1.0
7    NaN
8    NaN
9    2.0
Name: price, dtype: float64"
53.347477,-6.28525,"0           Urbanity Coffee
1           Lilliput Stores
2                  Hacienda
3        Light House Cinema
4                PHX Bistro
5       Guinness Storehouse
6                 Oxmantown
7           The Brazen Head
8    Old Jameson Distillery
9              Vicar Street
Name: name, dtype: object",0,"0    0.992885
1    0.958540
2    0.920853
3    0.990199
4    0.949454
5    0.999886
6    0.953769
7    0.999114
8    0.998857
9    0.956197
Name: popularity, dtype: float64","0    9.3
1    9.1
2    9.1
3    9.1
4    9.1
5    9.0
6    8.9
7    8.9
8    8.9
9    8.8
Name: rating, dtype: float64","0    1.0
1    NaN
2    1.0
3    NaN
4    NaN
5    3.0
6    1.0
7    2.0
8    2.0
9    NaN
Name: price, dtype: float64"
53.339005,-6.300217,"0    Irish National War Memorial Gardens
1                    Guinness Storehouse
2                        Kilmainham Gaol
3          Gravity Bar, Guinness Factory
4              Royal Hospital Kilmainham
5                      Open Gate Brewery
6                        Connoisseur Bar
7          Dublin Food Co-op, Kilmainham
8                            Story Board
9                     Groundstate Coffee
Name: name, dtype: object",0,"0    0.987542
1    0.999886
2    0.993142
3    0.999371
4    0.988342
5    0.958912
6    0.994371
7    0.876422
8    0.949540
9    0.978284
Name: popularity, dtype: float64","0    9.4
1    9.0
2    8.9
3    8.7
4    8.5
5    8.4
6    8.4
7    8.3
8    8.3
9    8.3
Name: rating, dtype: float64","0    NaN
1    3.0
2    NaN
3    2.0
4    NaN
5    2.0
6    2.0
7    NaN
8    1.0
9    1.0
Name: price, dtype: float64"
53.344153,-6.233451,"0         Apartment Grand Canal Dock
1         Third Floor Espresso (3FE)
2                  Juniors Deli Cafe
3                     Paulie's Pizza
4                         Lotts & Co
5           Bord Gáis Energy Theatre
6    Grand Canal Square (Waterfront)
7              Urban Picnic Facebook
8                           Foodgame
9                      Farmer Browns
Name: name, dtype: object",0,"0    0.953369
1    0.992485
2    0.913995
3    0.940425
4    0.976884
5    0.980513
6    0.948111
7    0.915709
8    0.939797
9    0.925881
Name: popularity, dtype: float64","0    9.1
1    9.1
2    9.0
3    9.0
4    8.9
5    8.9
6    8.7
7    8.6
8    8.6
9    8.5
Name: rating, dtype: float64","0    NaN
1    2.0
2    2.0
3    2.0
4    NaN
5    NaN
6    NaN
7    NaN
8    1.0
9    2.0
Name: price, dtype: float64"
53.334295,-6.258503,"0       St. Stephen's Green
1             Hodges Figgis
2       Merrion Square Park
3            Iveagh Gardens
4         Murphys Ice Cream
5               Bibi's Cafe
6                  P. Mac's
7    Butlers Chocolate Café
8     Nick's Coffee Company
9                 Blackbird
Name: name, dtype: object",0,"0    0.999829
1    0.997400
2    0.999486
3    0.983256
4    0.994857
5    0.956512
6    0.973084
7    0.998714
8    0.923967
9    0.985456
Name: popularity, dtype: float64","0    9.5
1    9.4
2    9.2
3    9.2
4    9.1
5    9.1
6    9.0
7    9.0
8    9.0
9    9.0
Name: rating, dtype: float64","0    NaN
1    NaN
2    NaN
3    NaN
4    1.0
5    2.0
6    2.0
7    1.0
8    1.0
9    2.0
Name: price, dtype: float64"
53.340803,-6.267732,"0           St. Stephen's Green
1                 Hodges Figgis
2             St Patrick's Park
3               The Porterhouse
4         Vintage Cocktail Club
5                 College Green
6                Iveagh Gardens
7             Murphys Ice Cream
8    Teeling Whiskey Distillery
9                Fallon & Byrne
Name: name, dtype: object",0,"0    0.999829
1    0.997400
2    0.999257
3    0.995971
4    0.963312
5    0.998543
6    0.983256
7    0.994857
8    0.995400
9    0.985942
Name: popularity, dtype: float64","0    9.5
1    9.4
2    9.3
3    9.2
4    9.2
5    9.2
6    9.2
7    9.1
8    9.1
9    9.1
Name: rating, dtype: float64","0    NaN
1    NaN
2    NaN
3    2.0
4    3.0
5    NaN
6    NaN
7    1.0
8    NaN
9    2.0
Name: price, dtype: float64"
53.351464,-6.255265,"0                            147 Deli
1               Vintage Cocktail Club
2                       College Green
3    EPIC The Irish Emigration Museum
4                    Shoe Lane Coffee
5                                BoCo
6             Gate Theatre Box Office
7                   The Winding Stair
8                      La Pausa Caffe
9                     Famine Memorial
Name: name, dtype: object",0,"0    0.977284
1    0.963312
2    0.998543
3    0.997143
4    0.989771
5    0.961255
6    0.929310
7    0.981456
8    0.977342
9    0.981713
Name: popularity, dtype: float64","0    9.4
1    9.2
2    9.2
3    9.1
4    9.0
5    9.0
6    9.0
7    9.0
8    9.0
9    8.9
Name: rating, dtype: float64","0    1.0
1    3.0
2    NaN
3    NaN
4    1.0
5    1.0
6    NaN
7    2.0
8    1.0
9    NaN
Name: price, dtype: float64"
53.333653,-6.248345,"0           St. Stephen's Green
1           Merrion Square Park
2                Iveagh Gardens
3    Third Floor Espresso (3FE)
4         Nick's Coffee Company
5                   Coffeeangel
6                Paulie's Pizza
7              Peruke & Periwig
8               Canal Bank Café
9                    Press Cafe
Name: name, dtype: object",0,"0    0.999829
1    0.999486
2    0.983256
3    0.992485
4    0.923967
5    0.985342
6    0.940425
7    0.953340
8    0.936854
9    0.918452
Name: popularity, dtype: float64","0    9.5
1    9.2
2    9.2
3    9.1
4    9.0
5    9.0
6    9.0
7    9.0
8    9.0
9    8.9
Name: rating, dtype: float64","0    NaN
1    NaN
2    NaN
3    2.0
4    1.0
5    1.0
6    2.0
7    3.0
8    1.0
9    1.0
Name: price, dtype: float64"
53.343105,-6.277167,"0             St Patrick's Park
1               Urbanity Coffee
2               The Porterhouse
3         Vintage Cocktail Club
4    Teeling Whiskey Distillery
5               Lilliput Stores
6                Fallon & Byrne
7               Brother Hubbard
8                      Hacienda
9    Irish Film Institute (IFI)
Name: name, dtype: object",0,"0    0.999257
1    0.992885
2    0.995971
3    0.963312
4    0.995400
5    0.958540
6    0.985942
7    0.976313
8    0.920853
9    0.970627
Name: popularity, dtype: float64","0    9.3
1    9.3
2    9.2
3    9.2
4    9.1
5    9.1
6    9.1
7    9.1
8    9.1
9    9.1
Name: rating, dtype: float64","0    NaN
1    1.0
2    2.0
3    3.0
4    NaN
5    NaN
6    2.0
7    2.0
8    1.0
9    2.0
Name: price, dtype: float64"
53.341428,-6.24672,"0                 St. Stephen's Green
1                       Hodges Figgis
2                 Merrion Square Park
3                       College Green
4          Apartment Grand Canal Dock
5    EPIC The Irish Emigration Museum
6          Third Floor Espresso (3FE)
7                    Shoe Lane Coffee
8              Butlers Chocolate Café
9                         Coffeeangel
Name: name, dtype: object",0,"0    0.999829
1    0.997400
2    0.999486
3    0.998543
4    0.953369
5    0.997143
6    0.992485
7    0.989771
8    0.998714
9    0.985342
Name: popularity, dtype: float64","0    9.5
1    9.4
2    9.2
3    9.2
4    9.1
5    9.1
6    9.1
7    9.0
8    9.0
9    9.0
Name: rating, dtype: float64","0    NaN
1    NaN
2    NaN
3    NaN
4    NaN
5    NaN
6    2.0
7    1.0
8    1.0
9    1.0
Name: price, dtype: float64"
53.338614,-6.248606,"0           St. Stephen's Green
1                 Hodges Figgis
2           Merrion Square Park
3                 College Green
4                Iveagh Gardens
5             Murphys Ice Cream
6    Apartment Grand Canal Dock
7    Third Floor Espresso (3FE)
8        Butlers Chocolate Café
9                   Coffeeangel
Name: name, dtype: object",0,"0    0.999829
1    0.997400
2    0.999486
3    0.998543
4    0.983256
5    0.994857
6    0.953369
7    0.992485
8    0.998714
9    0.985342
Name: popularity, dtype: float64","0    9.5
1    9.4
2    9.2
3    9.2
4    9.2
5    9.1
6    9.1
7    9.1
8    9.0
9    9.0
Name: rating, dtype: float64","0    NaN
1    NaN
2    NaN
3    NaN
4    NaN
5    1.0
6    NaN
7    2.0
8    1.0
9    1.0
Name: price, dtype: float64"
53.341833,-6.231291,"0         Apartment Grand Canal Dock
1         Third Floor Espresso (3FE)
2                  Juniors Deli Cafe
3                     Paulie's Pizza
4                         Press Cafe
5                         Lotts & Co
6                      Aviva Stadium
7           Bord Gáis Energy Theatre
8    Grand Canal Square (Waterfront)
9              Urban Picnic Facebook
Name: name, dtype: object",0,"0    0.953369
1    0.992485
2    0.913995
3    0.940425
4    0.918452
5    0.976884
6    0.995114
7    0.980513
8    0.948111
9    0.915709
Name: popularity, dtype: float64","0    9.1
1    9.1
2    9.0
3    9.0
4    8.9
5    8.9
6    8.9
7    8.9
8    8.7
9    8.6
Name: rating, dtype: float64","0    NaN
1    2.0
2    2.0
3    2.0
4    1.0
5    NaN
6    2.0
7    NaN
8    NaN
9    NaN
Name: price, dtype: float64"
53.346637,-6.246154,"0                       Hodges Figgis
1                 Merrion Square Park
2                       College Green
3          Apartment Grand Canal Dock
4    EPIC The Irish Emigration Museum
5          Third Floor Espresso (3FE)
6                    Shoe Lane Coffee
7                         Coffeeangel
8                     Famine Memorial
9                    The Pig & Heifer
Name: name, dtype: object",0,"0    0.997400
1    0.999486
2    0.998543
3    0.953369
4    0.997143
5    0.992485
6    0.989771
7    0.985342
8    0.981713
9    0.980113
Name: popularity, dtype: float64","0    9.4
1    9.2
2    9.2
3    9.1
4    9.1
5    9.1
6    9.0
7    9.0
8    8.9
9    8.9
Name: rating, dtype: float64","0    NaN
1    NaN
2    NaN
3    NaN
4    NaN
5    2.0
6    1.0
7    1.0
8    NaN
9    1.0
Name: price, dtype: float64"
53.343034,-6.263578,"0      St. Stephen's Green
1            Hodges Figgis
2        St Patrick's Park
3      Merrion Square Park
4          The Porterhouse
5    Vintage Cocktail Club
6            College Green
7           Iveagh Gardens
8        Murphys Ice Cream
9           Fallon & Byrne
Name: name, dtype: object",0,"0    0.999829
1    0.997400
2    0.999257
3    0.999486
4    0.995971
5    0.963312
6    0.998543
7    0.983256
8    0.994857
9    0.985942
Name: popularity, dtype: float64","0    9.5
1    9.4
2    9.3
3    9.2
4    9.2
5    9.2
6    9.2
7    9.2
8    9.1
9    9.1
Name: rating, dtype: float64","0    NaN
1    NaN
2    NaN
3    NaN
4    2.0
5    3.0
6    NaN
7    NaN
8    1.0
9    2.0
Name: price, dtype: float64"
53.346867,-6.230852,"0         Apartment Grand Canal Dock
1           Bord Gáis Energy Theatre
2    Grand Canal Square (Waterfront)
3              Urban Picnic Facebook
4                      Pearse Square
5                         Herbstreet
6       East Road Neighbourhood Cafe
7                        The Oarsman
8                             3Arena
9                       il Valentino
Name: name, dtype: object",0,"0    0.953369
1    0.980513
2    0.948111
3    0.915709
4    0.867135
5    0.954683
6    0.972770
7    0.949369
8    0.996971
9    0.986742
Name: popularity, dtype: float64","0    9.1
1    8.9
2    8.7
3    8.6
4    8.5
5    8.4
6    8.4
7    8.4
8    8.3
9    8.2
Name: rating, dtype: float64","0    NaN
1    NaN
2    NaN
3    NaN
4    NaN
5    2.0
6    1.0
7    1.0
8    NaN
9    2.0
Name: price, dtype: float64"
53.3547,-6.272314,"0                   147 Deli
1            Urbanity Coffee
2            Lilliput Stores
3            Brother Hubbard
4                   Hacienda
5         Light House Cinema
6                       BoCo
7    Gate Theatre Box Office
8             La Pausa Caffe
9                  Oxmantown
Name: name, dtype: object",0,"0    0.977284
1    0.992885
2    0.958540
3    0.976313
4    0.920853
5    0.990199
6    0.961255
7    0.929310
8    0.977342
9    0.953769
Name: popularity, dtype: float64","0    9.4
1    9.3
2    9.1
3    9.1
4    9.1
5    9.1
6    9.0
7    9.0
8    9.0
9    8.9
Name: rating, dtype: float64","0    1.0
1    1.0
2    NaN
3    2.0
4    1.0
5    NaN
6    1.0
7    NaN
8    1.0
9    1.0
Name: price, dtype: float64"
53.33403,-6.260714,"0       St. Stephen's Green
1             Hodges Figgis
2       Merrion Square Park
3            Iveagh Gardens
4         Murphys Ice Cream
5               Bibi's Cafe
6                  P. Mac's
7    Butlers Chocolate Café
8     Nick's Coffee Company
9                 Blackbird
Name: name, dtype: object",0,"0    0.999829
1    0.997400
2    0.999486
3    0.983256
4    0.994857
5    0.956512
6    0.973084
7    0.998714
8    0.923967
9    0.985456
Name: popularity, dtype: float64","0    9.5
1    9.4
2    9.2
3    9.2
4    9.1
5    9.1
6    9.0
7    9.0
8    9.0
9    9.0
Name: rating, dtype: float64","0    NaN
1    NaN
2    NaN
3    NaN
4    1.0
5    2.0
6    2.0
7    1.0
8    1.0
9    2.0
Name: price, dtype: float64"
53.346026,-6.243576,"0                 Merrion Square Park
1          Apartment Grand Canal Dock
2    EPIC The Irish Emigration Museum
3          Third Floor Espresso (3FE)
4                    Shoe Lane Coffee
5                         Coffeeangel
6                     Famine Memorial
7                    The Pig & Heifer
8            Bord Gáis Energy Theatre
9                  Oscar Wilde Statue
Name: name, dtype: object",0,"0    0.999486
1    0.953369
2    0.997143
3    0.992485
4    0.989771
5    0.985342
6    0.981713
7    0.980113
8    0.980513
9    0.996228
Name: popularity, dtype: float64","0    9.2
1    9.1
2    9.1
3    9.1
4    9.0
5    9.0
6    8.9
7    8.9
8    8.9
9    8.8
Name: rating, dtype: float64","0    NaN
1    NaN
2    NaN
3    2.0
4    1.0
5    1.0
6    NaN
7    1.0
8    NaN
9    NaN
Name: price, dtype: float64"
53.330662,-6.260177,"0      St. Stephen's Green
1           Iveagh Gardens
2              Bibi's Cafe
3         Hang Dai Chinese
4    Nick's Coffee Company
5           Stella Theatre
6                Blackbird
7                   Bunsen
8         Green Bench Cafe
9    Brother Hubbard South
Name: name, dtype: object",0,"0    0.999829
1    0.983256
2    0.956512
3    0.938311
4    0.923967
5    0.954283
6    0.985456
7    0.968627
8    0.898166
9    0.982570
Name: popularity, dtype: float64","0    9.5
1    9.2
2    9.1
3    9.0
4    9.0
5    9.0
6    9.0
7    9.0
8    9.0
9    9.0
Name: rating, dtype: float64","0    NaN
1    NaN
2    2.0
3    1.0
4    1.0
5    NaN
6    2.0
7    2.0
8    1.0
9    1.0
Name: price, dtype: float64"
53.342113,-6.310015,"0                             Kilmainham Gaol
1              Phoenix Park Islandbridge Gate
2                   Royal Hospital Kilmainham
3               Dublin Food Co-op, Kilmainham
4                               Old Royal Oak
5    The Wellington Testimonial (The Obelisk)
6                               LimeTree Cafe
7                  Irish Museum of Modern Art
8                                   IMMA Shop
9                                        Mace
Name: name, dtype: object",0,"0    0.993142
1    0.956655
2    0.988342
3    0.876422
4    0.969427
5    0.985313
6    0.930825
7    0.983056
8    0.945540
9    0.952512
Name: popularity, dtype: float64","0    8.9
1    8.9
2    8.5
3    8.3
4    8.2
5    8.1
6    7.7
7    7.7
8    7.6
9    7.5
Name: rating, dtype: float64","0    NaN
1    NaN
2    NaN
3    NaN
4    2.0
5    NaN
6    2.0
7    NaN
8    NaN
9    NaN
Name: price, dtype: float64"
53.357043,-6.263232,"0                     147 Deli
1                         BoCo
2      Gate Theatre Box Office
3           Croke Park Stadium
4               La Pausa Caffe
5              The Black Sheep
6               The Bald Eagle
7                        Dealz
8    El Grito Mexican Taqueria
9                The Back Page
Name: name, dtype: object",0,"0    0.977284
1    0.961255
2    0.929310
3    0.997200
4    0.977342
5    0.984371
6    0.981770
7    0.992171
8    0.977656
9    0.967970
Name: popularity, dtype: float64","0    9.4
1    9.0
2    9.0
3    9.0
4    9.0
5    8.8
6    8.8
7    8.8
8    8.7
9    8.7
Name: rating, dtype: float64","0    1.0
1    1.0
2    NaN
3    NaN
4    1.0
5    2.0
6    3.0
7    NaN
8    1.0
9    2.0
Name: price, dtype: float64"
53.348875,-6.267459,"0            Hodges Figgis
1                 147 Deli
2        St Patrick's Park
3          Urbanity Coffee
4          The Porterhouse
5    Vintage Cocktail Club
6            College Green
7        Murphys Ice Cream
8           Fallon & Byrne
9          Brother Hubbard
Name: name, dtype: object",0,"0    0.997400
1    0.977284
2    0.999257
3    0.992885
4    0.995971
5    0.963312
6    0.998543
7    0.994857
8    0.985942
9    0.976313
Name: popularity, dtype: float64","0    9.4
1    9.4
2    9.3
3    9.3
4    9.2
5    9.2
6    9.2
7    9.1
8    9.1
9    9.1
Name: rating, dtype: float64","0    NaN
1    1.0
2    NaN
3    1.0
4    2.0
5    3.0
6    NaN
7    1.0
8    2.0
9    2.0
Name: price, dtype: float64"
53.346874,-6.272976,"0        St Patrick's Park
1          Urbanity Coffee
2          The Porterhouse
3    Vintage Cocktail Club
4            College Green
5        Murphys Ice Cream
6          Lilliput Stores
7           Fallon & Byrne
8          Brother Hubbard
9                 Hacienda
Name: name, dtype: object",0,"0    0.999257
1    0.992885
2    0.995971
3    0.963312
4    0.998543
5    0.994857
6    0.958540
7    0.985942
8    0.976313
9    0.920853
Name: popularity, dtype: float64","0    9.3
1    9.3
2    9.2
3    9.2
4    9.2
5    9.1
6    9.1
7    9.1
8    9.1
9    9.1
Name: rating, dtype: float64","0    NaN
1    1.0
2    2.0
3    3.0
4    NaN
5    1.0
6    NaN
7    2.0
8    2.0
9    1.0
Name: price, dtype: float64"
53.347932,-6.240928,"0          Apartment Grand Canal Dock
1    EPIC The Irish Emigration Museum
2          Third Floor Espresso (3FE)
3                    Shoe Lane Coffee
4                     Famine Memorial
5                    The Pig & Heifer
6            Bord Gáis Energy Theatre
7     Grand Canal Square (Waterfront)
8                     Laine, My Love.
9       IL Capo Italian Pizza & Pasta
Name: name, dtype: object",0,"0    0.953369
1    0.997143
2    0.992485
3    0.989771
4    0.981713
5    0.980113
6    0.980513
7    0.948111
8    0.960426
9    0.968112
Name: popularity, dtype: float64","0    9.1
1    9.1
2    9.1
3    9.0
4    8.9
5    8.9
6    8.9
7    8.7
8    8.6
9    8.6
Name: rating, dtype: float64","0    NaN
1    NaN
2    2.0
3    1.0
4    NaN
5    1.0
6    NaN
7    NaN
8    1.0
9    2.0
Name: price, dtype: float64"
53.334432,-6.245575,"0           St. Stephen's Green
1           Merrion Square Park
2    Third Floor Espresso (3FE)
3             Juniors Deli Cafe
4                Paulie's Pizza
5               Canal Bank Café
6                    Press Cafe
7                    Lotts & Co
8            Oscar Wilde Statue
9              Dartmouth Square
Name: name, dtype: object",0,"0    0.999829
1    0.999486
2    0.992485
3    0.913995
4    0.940425
5    0.936854
6    0.918452
7    0.976884
8    0.996228
9    0.968913
Name: popularity, dtype: float64","0    9.5
1    9.2
2    9.1
3    9.0
4    9.0
5    9.0
6    8.9
7    8.9
8    8.8
9    8.8
Name: rating, dtype: float64","0    NaN
1    NaN
2    2.0
3    2.0
4    2.0
5    1.0
6    1.0
7    NaN
8    NaN
9    NaN
Name: price, dtype: float64"
53.343565,-6.275071,"0             St Patrick's Park
1               Urbanity Coffee
2               The Porterhouse
3         Vintage Cocktail Club
4                 College Green
5             Murphys Ice Cream
6    Teeling Whiskey Distillery
7               Lilliput Stores
8                Fallon & Byrne
9               Brother Hubbard
Name: name, dtype: object",0,"0    0.999257
1    0.992885
2    0.995971
3    0.963312
4    0.998543
5    0.994857
6    0.995400
7    0.958540
8    0.985942
9    0.976313
Name: popularity, dtype: float64","0    9.3
1    9.3
2    9.2
3    9.2
4    9.2
5    9.1
6    9.1
7    9.1
8    9.1
9    9.1
Name: rating, dtype: float64","0    NaN
1    1.0
2    2.0
3    3.0
4    NaN
5    1.0
6    NaN
7    NaN
8    2.0
9    2.0
Name: price, dtype: float64"
53.359624,-6.260348,"0                     147 Deli
1      Gate Theatre Box Office
2           Croke Park Stadium
3               La Pausa Caffe
4               The Bald Eagle
5    El Grito Mexican Taqueria
6                The Back Page
7           Andersons Creperie
8                        Shouk
9                    Hop House
Name: name, dtype: object",0,"0    0.977284
1    0.929310
2    0.997200
3    0.977342
4    0.981770
5    0.977656
6    0.967970
7    0.905966
8    0.974456
9    0.968855
Name: popularity, dtype: float64","0    9.4
1    9.0
2    9.0
3    9.0
4    8.8
5    8.7
6    8.7
7    8.7
8    8.6
9    8.5
Name: rating, dtype: float64","0    1.0
1    NaN
2    NaN
3    1.0
4    3.0
5    1.0
6    2.0
7    1.0
8    NaN
9    2.0
Name: price, dtype: float64"
53.354929,-6.269425,"0                       147 Deli
1                Brother Hubbard
2                       Hacienda
3             Light House Cinema
4                           BoCo
5        Gate Theatre Box Office
6              The Winding Stair
7                 La Pausa Caffe
8                      Oxmantown
9    Musashi Noodles & Sushi BAR
Name: name, dtype: object",0,"0    0.977284
1    0.976313
2    0.920853
3    0.990199
4    0.961255
5    0.929310
6    0.981456
7    0.977342
8    0.953769
9    0.968741
Name: popularity, dtype: float64","0    9.4
1    9.1
2    9.1
3    9.1
4    9.0
5    9.0
6    9.0
7    9.0
8    8.9
9    8.9
Name: rating, dtype: float64","0    1.0
1    2.0
2    1.0
3    NaN
4    1.0
5    NaN
6    2.0
7    1.0
8    1.0
9    2.0
Name: price, dtype: float64"
53.350974,-6.25294,"0                            147 Deli
1               Vintage Cocktail Club
2                       College Green
3    EPIC The Irish Emigration Museum
4                    Shoe Lane Coffee
5             Gate Theatre Box Office
6                   The Winding Stair
7                     Famine Memorial
8                    The Pig & Heifer
9                     Vice Coffee Inc
Name: name, dtype: object",0,"0    0.977284
1    0.963312
2    0.998543
3    0.997143
4    0.989771
5    0.929310
6    0.981456
7    0.981713
8    0.980113
9    0.933596
Name: popularity, dtype: float64","0    9.4
1    9.2
2    9.2
3    9.1
4    9.0
5    9.0
6    9.0
7    8.9
8    8.9
9    8.9
Name: rating, dtype: float64","0    1.0
1    3.0
2    NaN
3    NaN
4    1.0
5    NaN
6    2.0
7    NaN
8    1.0
9    2.0
Name: price, dtype: float64"
53.337132,-6.26059,"0      St. Stephen's Green
1            Hodges Figgis
2        St Patrick's Park
3      Merrion Square Park
4    Vintage Cocktail Club
5            College Green
6           Iveagh Gardens
7        Murphys Ice Cream
8           Fallon & Byrne
9              Bibi's Cafe
Name: name, dtype: object",0,"0    0.999829
1    0.997400
2    0.999257
3    0.999486
4    0.963312
5    0.998543
6    0.983256
7    0.994857
8    0.985942
9    0.956512
Name: popularity, dtype: float64","0    9.5
1    9.4
2    9.3
3    9.2
4    9.2
5    9.2
6    9.2
7    9.1
8    9.1
9    9.1
Name: rating, dtype: float64","0    NaN
1    NaN
2    NaN
3    NaN
4    3.0
5    NaN
6    NaN
7    1.0
8    2.0
9    2.0
Name: price, dtype: float64"
53.339218,-6.240642,"0           Merrion Square Park
1    Apartment Grand Canal Dock
2    Third Floor Espresso (3FE)
3                   Coffeeangel
4             Juniors Deli Cafe
5                Paulie's Pizza
6                    Press Cafe
7                    Lotts & Co
8                 Aviva Stadium
9      Bord Gáis Energy Theatre
Name: name, dtype: object",0,"0    0.999486
1    0.953369
2    0.992485
3    0.985342
4    0.913995
5    0.940425
6    0.918452
7    0.976884
8    0.995114
9    0.980513
Name: popularity, dtype: float64","0    9.2
1    9.1
2    9.1
3    9.0
4    9.0
5    9.0
6    8.9
7    8.9
8    8.9
9    8.9
Name: rating, dtype: float64","0    NaN
1    NaN
2    2.0
3    1.0
4    2.0
5    2.0
6    1.0
7    NaN
8    2.0
9    NaN
Name: price, dtype: float64"
53.347122,-6.234749,"0          Apartment Grand Canal Dock
1    EPIC The Irish Emigration Museum
2          Third Floor Espresso (3FE)
3            Bord Gáis Energy Theatre
4     Grand Canal Square (Waterfront)
5               Urban Picnic Facebook
6                       Pearse Square
7                          Herbstreet
8        East Road Neighbourhood Cafe
9                         The Oarsman
Name: name, dtype: object",0,"0    0.953369
1    0.997143
2    0.992485
3    0.980513
4    0.948111
5    0.915709
6    0.867135
7    0.954683
8    0.972770
9    0.949369
Name: popularity, dtype: float64","0    9.1
1    9.1
2    9.1
3    8.9
4    8.7
5    8.6
6    8.5
7    8.4
8    8.4
9    8.4
Name: rating, dtype: float64","0    NaN
1    NaN
2    2.0
3    NaN
4    NaN
5    NaN
6    NaN
7    2.0
8    1.0
9    1.0
Name: price, dtype: float64"
53.355173,-6.278424,"0           Urbanity Coffee
1           Lilliput Stores
2                  Hacienda
3        Light House Cinema
4                PHX Bistro
5                      BoCo
6            La Pausa Caffe
7    Old Jameson Distillery
8    Chapter One Restaurant
9           The Black Sheep
Name: name, dtype: object",0,"0    0.992885
1    0.958540
2    0.920853
3    0.990199
4    0.949454
5    0.961255
6    0.977342
7    0.998857
8    0.956798
9    0.984371
Name: popularity, dtype: float64","0    9.3
1    9.1
2    9.1
3    9.1
4    9.1
5    9.0
6    9.0
7    8.9
8    8.8
9    8.8
Name: rating, dtype: float64","0    1.0
1    NaN
2    1.0
3    NaN
4    NaN
5    1.0
6    1.0
7    2.0
8    NaN
9    2.0
Name: price, dtype: float64"
53.350291,-6.273507,"0                      147 Deli
1             St Patrick's Park
2               Urbanity Coffee
3               The Porterhouse
4         Vintage Cocktail Club
5               Lilliput Stores
6               Brother Hubbard
7                      Hacienda
8    Irish Film Institute (IFI)
9            Light House Cinema
Name: name, dtype: object",0,"0    0.977284
1    0.999257
2    0.992885
3    0.995971
4    0.963312
5    0.958540
6    0.976313
7    0.920853
8    0.970627
9    0.990199
Name: popularity, dtype: float64","0    9.4
1    9.3
2    9.3
3    9.2
4    9.2
5    9.1
6    9.1
7    9.1
8    9.1
9    9.1
Name: rating, dtype: float64","0    1.0
1    NaN
2    1.0
3    2.0
4    3.0
5    NaN
6    2.0
7    1.0
8    2.0
9    NaN
Name: price, dtype: float64"
53.354845,-6.247579,"0                            147 Deli
1    EPIC The Irish Emigration Museum
2                    Shoe Lane Coffee
3             Gate Theatre Box Office
4                  Croke Park Stadium
5                     Famine Memorial
6                    The Pig & Heifer
7               Delfin English School
8           El Grito Mexican Taqueria
9                            Da Mimmo
Name: name, dtype: object",0,"0    0.977284
1    0.997143
2    0.989771
3    0.929310
4    0.997200
5    0.981713
6    0.980113
7    0.958969
8    0.977656
9    0.894280
Name: popularity, dtype: float64","0    9.4
1    9.1
2    9.0
3    9.0
4    9.0
5    8.9
6    8.9
7    8.7
8    8.7
9    8.7
Name: rating, dtype: float64","0    1.0
1    NaN
2    1.0
3    NaN
4    NaN
5    NaN
6    1.0
7    NaN
8    1.0
9    2.0
Name: price, dtype: float64"
53.335742,-6.24551,"0           St. Stephen's Green
1           Merrion Square Park
2    Apartment Grand Canal Dock
3    Third Floor Espresso (3FE)
4                   Coffeeangel
5             Juniors Deli Cafe
6                Paulie's Pizza
7               Canal Bank Café
8                    Press Cafe
9                    Lotts & Co
Name: name, dtype: object",0,"0    0.999829
1    0.999486
2    0.953369
3    0.992485
4    0.985342
5    0.913995
6    0.940425
7    0.936854
8    0.918452
9    0.976884
Name: popularity, dtype: float64","0    9.5
1    9.2
2    9.1
3    9.1
4    9.0
5    9.0
6    9.0
7    9.0
8    8.9
9    8.9
Name: rating, dtype: float64","0    NaN
1    NaN
2    NaN
3    2.0
4    1.0
5    2.0
6    2.0
7    1.0
8    1.0
9    NaN
Name: price, dtype: float64"
53.343653,-6.231755,"0         Apartment Grand Canal Dock
1         Third Floor Espresso (3FE)
2                  Juniors Deli Cafe
3                     Paulie's Pizza
4                         Press Cafe
5                         Lotts & Co
6                      Aviva Stadium
7           Bord Gáis Energy Theatre
8    Grand Canal Square (Waterfront)
9              Urban Picnic Facebook
Name: name, dtype: object",0,"0    0.953369
1    0.992485
2    0.913995
3    0.940425
4    0.918452
5    0.976884
6    0.995114
7    0.980513
8    0.948111
9    0.915709
Name: popularity, dtype: float64","0    9.1
1    9.1
2    9.0
3    9.0
4    8.9
5    8.9
6    8.9
7    8.9
8    8.7
9    8.6
Name: rating, dtype: float64","0    NaN
1    2.0
2    2.0
3    2.0
4    1.0
5    NaN
6    2.0
7    NaN
8    NaN
9    NaN
Name: price, dtype: float64"
53.347884,-6.248048,"0                       Hodges Figgis
1                            147 Deli
2                 Merrion Square Park
3                       College Green
4          Apartment Grand Canal Dock
5    EPIC The Irish Emigration Museum
6          Third Floor Espresso (3FE)
7                    Shoe Lane Coffee
8                         Coffeeangel
9                           Coco Brew
Name: name, dtype: object",0,"0    0.997400
1    0.977284
2    0.999486
3    0.998543
4    0.953369
5    0.997143
6    0.992485
7    0.989771
8    0.985342
9    0.888879
Name: popularity, dtype: float64","0    9.4
1    9.4
2    9.2
3    9.2
4    9.1
5    9.1
6    9.1
7    9.0
8    9.0
9    9.0
Name: rating, dtype: float64","0    NaN
1    1.0
2    NaN
3    NaN
4    NaN
5    NaN
6    2.0
7    1.0
8    1.0
9    1.0
Name: price, dtype: float64"
53.341288,-6.258117,"0      St. Stephen's Green
1            Hodges Figgis
2        St Patrick's Park
3      Merrion Square Park
4          The Porterhouse
5    Vintage Cocktail Club
6            College Green
7           Iveagh Gardens
8        Murphys Ice Cream
9           Fallon & Byrne
Name: name, dtype: object",0,"0    0.999829
1    0.997400
2    0.999257
3    0.999486
4    0.995971
5    0.963312
6    0.998543
7    0.983256
8    0.994857
9    0.985942
Name: popularity, dtype: float64","0    9.5
1    9.4
2    9.3
3    9.2
4    9.2
5    9.2
6    9.2
7    9.2
8    9.1
9    9.1
Name: rating, dtype: float64","0    NaN
1    NaN
2    NaN
3    NaN
4    2.0
5    3.0
6    NaN
7    NaN
8    1.0
9    2.0
Name: price, dtype: float64"
53.347508,-6.252192,"0                       Hodges Figgis
1                            147 Deli
2                 Merrion Square Park
3               Vintage Cocktail Club
4                       College Green
5                   Murphys Ice Cream
6                      Fallon & Byrne
7    EPIC The Irish Emigration Museum
8          Irish Film Institute (IFI)
9                         Umi Falafel
Name: name, dtype: object",0,"0    0.997400
1    0.977284
2    0.999486
3    0.963312
4    0.998543
5    0.994857
6    0.985942
7    0.997143
8    0.970627
9    0.963455
Name: popularity, dtype: float64","0    9.4
1    9.4
2    9.2
3    9.2
4    9.2
5    9.1
6    9.1
7    9.1
8    9.1
9    9.0
Name: rating, dtype: float64","0    NaN
1    1.0
2    NaN
3    3.0
4    NaN
5    1.0
6    2.0
7    NaN
8    2.0
9    1.0
Name: price, dtype: float64"
53.341805,-6.305085,"0        Phoenix Park, Park Gate St. Entrance
1                             Kilmainham Gaol
2              Phoenix Park Islandbridge Gate
3            Phoenix Park Conyngham Road Gate
4                   Royal Hospital Kilmainham
5               Dublin Food Co-op, Kilmainham
6                                 Story Board
7                               Old Royal Oak
8    The Wellington Testimonial (The Obelisk)
9                          The Natural Bakery
Name: name, dtype: object",0,"0    0.892880
1    0.993142
2    0.956655
3    0.983513
4    0.988342
5    0.876422
6    0.949540
7    0.969427
8    0.985313
9    0.925367
Name: popularity, dtype: float64","0    9.1
1    8.9
2    8.9
3    8.6
4    8.5
5    8.3
6    8.3
7    8.2
8    8.1
9    8.0
Name: rating, dtype: float64","0    NaN
1    NaN
2    NaN
3    NaN
4    NaN
5    NaN
6    1.0
7    2.0
8    NaN
9    1.0
Name: price, dtype: float64"
53.341645,-6.29719,"0     Irish National War Memorial Gardens
1    Phoenix Park, Park Gate St. Entrance
2                     Guinness Storehouse
3                         Kilmainham Gaol
4                        Container Coffee
5           Gravity Bar, Guinness Factory
6        Phoenix Park Conyngham Road Gate
7               Royal Hospital Kilmainham
8                       Open Gate Brewery
9                         Connoisseur Bar
Name: name, dtype: object",0,"0    0.987542
1    0.892880
2    0.999886
3    0.993142
4    0.961826
5    0.999371
6    0.983513
7    0.988342
8    0.958912
9    0.994371
Name: popularity, dtype: float64","0    9.4
1    9.1
2    9.0
3    8.9
4    8.7
5    8.7
6    8.6
7    8.5
8    8.4
9    8.4
Name: rating, dtype: float64","0    NaN
1    NaN
2    3.0
3    NaN
4    1.0
5    2.0
6    NaN
7    NaN
8    2.0
9    2.0
Name: price, dtype: float64"
53.342296,-6.287661,"0    Irish National War Memorial Gardens
1                        Urbanity Coffee
2             Teeling Whiskey Distillery
3                        Lilliput Stores
4                     Light House Cinema
5                             PHX Bistro
6                    Guinness Storehouse
7                        The Brazen Head
8                 Old Jameson Distillery
9                           Vicar Street
Name: name, dtype: object",0,"0    0.987542
1    0.992885
2    0.995400
3    0.958540
4    0.990199
5    0.949454
6    0.999886
7    0.999114
8    0.998857
9    0.956197
Name: popularity, dtype: float64","0    9.4
1    9.3
2    9.1
3    9.1
4    9.1
5    9.1
6    9.0
7    8.9
8    8.9
9    8.8
Name: rating, dtype: float64","0    NaN
1    1.0
2    NaN
3    NaN
4    NaN
5    NaN
6    3.0
7    2.0
8    2.0
9    NaN
Name: price, dtype: float64"
53.337757,-6.267699,"0           St. Stephen's Green
1                 Hodges Figgis
2             St Patrick's Park
3               The Porterhouse
4         Vintage Cocktail Club
5                 College Green
6                Iveagh Gardens
7             Murphys Ice Cream
8    Teeling Whiskey Distillery
9                Fallon & Byrne
Name: name, dtype: object",0,"0    0.999829
1    0.997400
2    0.999257
3    0.995971
4    0.963312
5    0.998543
6    0.983256
7    0.994857
8    0.995400
9    0.985942
Name: popularity, dtype: float64","0    9.5
1    9.4
2    9.3
3    9.2
4    9.2
5    9.2
6    9.2
7    9.1
8    9.1
9    9.1
Name: rating, dtype: float64","0    NaN
1    NaN
2    NaN
3    2.0
4    3.0
5    NaN
6    NaN
7    1.0
8    NaN
9    2.0
Name: price, dtype: float64"
53.358115,-6.265601,"0                     147 Deli
1                         BoCo
2      Gate Theatre Box Office
3           Croke Park Stadium
4               La Pausa Caffe
5              The Black Sheep
6               The Bald Eagle
7                        Dealz
8    El Grito Mexican Taqueria
9                The Back Page
Name: name, dtype: object",0,"0    0.977284
1    0.961255
2    0.929310
3    0.997200
4    0.977342
5    0.984371
6    0.981770
7    0.992171
8    0.977656
9    0.967970
Name: popularity, dtype: float64","0    9.4
1    9.0
2    9.0
3    9.0
4    9.0
5    8.8
6    8.8
7    8.8
8    8.7
9    8.7
Name: rating, dtype: float64","0    1.0
1    1.0
2    NaN
3    NaN
4    1.0
5    2.0
6    3.0
7    NaN
8    1.0
9    2.0
Name: price, dtype: float64"
53.342638,-6.238695,"0                 Merrion Square Park
1          Apartment Grand Canal Dock
2    EPIC The Irish Emigration Museum
3          Third Floor Espresso (3FE)
4                   Juniors Deli Cafe
5                      Paulie's Pizza
6                     Famine Memorial
7                          Press Cafe
8                          Lotts & Co
9            Bord Gáis Energy Theatre
Name: name, dtype: object",0,"0    0.999486
1    0.953369
2    0.997143
3    0.992485
4    0.913995
5    0.940425
6    0.981713
7    0.918452
8    0.976884
9    0.980513
Name: popularity, dtype: float64","0    9.2
1    9.1
2    9.1
3    9.1
4    9.0
5    9.0
6    8.9
7    8.9
8    8.9
9    8.9
Name: rating, dtype: float64","0    NaN
1    NaN
2    NaN
3    2.0
4    2.0
5    2.0
6    NaN
7    1.0
8    NaN
9    NaN
Name: price, dtype: float64"
53.339434,-6.246548,"0                 St. Stephen's Green
1                       Hodges Figgis
2                 Merrion Square Park
3          Apartment Grand Canal Dock
4    EPIC The Irish Emigration Museum
5          Third Floor Espresso (3FE)
6              Butlers Chocolate Café
7                         Coffeeangel
8                   Juniors Deli Cafe
9                      Paulie's Pizza
Name: name, dtype: object",0,"0    0.999829
1    0.997400
2    0.999486
3    0.953369
4    0.997143
5    0.992485
6    0.998714
7    0.985342
8    0.913995
9    0.940425
Name: popularity, dtype: float64","0    9.5
1    9.4
2    9.2
3    9.1
4    9.1
5    9.1
6    9.0
7    9.0
8    9.0
9    9.0
Name: rating, dtype: float64","0    NaN
1    NaN
2    NaN
3    NaN
4    NaN
5    2.0
6    1.0
7    1.0
8    2.0
9    2.0
Name: price, dtype: float64"
53.339334,-6.264699,"0           St. Stephen's Green
1                 Hodges Figgis
2             St Patrick's Park
3           Merrion Square Park
4               The Porterhouse
5         Vintage Cocktail Club
6                 College Green
7                Iveagh Gardens
8             Murphys Ice Cream
9    Teeling Whiskey Distillery
Name: name, dtype: object",0,"0    0.999829
1    0.997400
2    0.999257
3    0.999486
4    0.995971
5    0.963312
6    0.998543
7    0.983256
8    0.994857
9    0.995400
Name: popularity, dtype: float64","0    9.5
1    9.4
2    9.3
3    9.2
4    9.2
5    9.2
6    9.2
7    9.2
8    9.1
9    9.1
Name: rating, dtype: float64","0    NaN
1    NaN
2    NaN
3    NaN
4    2.0
5    3.0
6    NaN
7    NaN
8    1.0
9    NaN
Name: price, dtype: float64"
53.337494,-6.26199,"0           St. Stephen's Green
1                 Hodges Figgis
2             St Patrick's Park
3           Merrion Square Park
4               The Porterhouse
5         Vintage Cocktail Club
6                 College Green
7                Iveagh Gardens
8             Murphys Ice Cream
9    Teeling Whiskey Distillery
Name: name, dtype: object",0,"0    0.999829
1    0.997400
2    0.999257
3    0.999486
4    0.995971
5    0.963312
6    0.998543
7    0.983256
8    0.994857
9    0.995400
Name: popularity, dtype: float64","0    9.5
1    9.4
2    9.3
3    9.2
4    9.2
5    9.2
6    9.2
7    9.2
8    9.1
9    9.1
Name: rating, dtype: float64","0    NaN
1    NaN
2    NaN
3    NaN
4    2.0
5    3.0
6    NaN
7    NaN
8    1.0
9    NaN
Name: price, dtype: float64"
53.35561,-6.261397,"0                     147 Deli
1                         BoCo
2      Gate Theatre Box Office
3           Croke Park Stadium
4               La Pausa Caffe
5             The Pig & Heifer
6              Vice Coffee Inc
7              The Black Sheep
8                        Dealz
9    El Grito Mexican Taqueria
Name: name, dtype: object",0,"0    0.977284
1    0.961255
2    0.929310
3    0.997200
4    0.977342
5    0.980113
6    0.933596
7    0.984371
8    0.992171
9    0.977656
Name: popularity, dtype: float64","0    9.4
1    9.0
2    9.0
3    9.0
4    9.0
5    8.9
6    8.9
7    8.8
8    8.8
9    8.7
Name: rating, dtype: float64","0    1.0
1    1.0
2    NaN
3    NaN
4    1.0
5    1.0
6    2.0
7    2.0
8    NaN
9    1.0
Name: price, dtype: float64"
53.343897,-6.29706,"0    Phoenix Park, Park Gate St. Entrance
1                     Guinness Storehouse
2                         Kilmainham Gaol
3          Phoenix Park Islandbridge Gate
4                        Container Coffee
5           Gravity Bar, Guinness Factory
6        Phoenix Park Conyngham Road Gate
7               Royal Hospital Kilmainham
8                       Open Gate Brewery
9                         Connoisseur Bar
Name: name, dtype: object",0,"0    0.892880
1    0.999886
2    0.993142
3    0.956655
4    0.961826
5    0.999371
6    0.983513
7    0.988342
8    0.958912
9    0.994371
Name: popularity, dtype: float64","0    9.1
1    9.0
2    8.9
3    8.9
4    8.7
5    8.7
6    8.6
7    8.5
8    8.4
9    8.4
Name: rating, dtype: float64","0    NaN
1    3.0
2    NaN
3    NaN
4    1.0
5    2.0
6    NaN
7    NaN
8    2.0
9    2.0
Name: price, dtype: float64"
53.346985,-6.297804,"0                         Lilliput Stores
1    Phoenix Park, Park Gate St. Entrance
2                     Guinness Storehouse
3                              Dublin Zoo
4                         Kilmainham Gaol
5          Phoenix Park Islandbridge Gate
6                        Container Coffee
7           Gravity Bar, Guinness Factory
8                  Phoenix Park Tea Rooms
9        Phoenix Park Conyngham Road Gate
Name: name, dtype: object",0,"0    0.958540
1    0.892880
2    0.999886
3    0.998028
4    0.993142
5    0.956655
6    0.961826
7    0.999371
8    0.969913
9    0.983513
Name: popularity, dtype: float64","0    9.1
1    9.1
2    9.0
3    9.0
4    8.9
5    8.9
6    8.7
7    8.7
8    8.6
9    8.6
Name: rating, dtype: float64","0    NaN
1    NaN
2    3.0
3    NaN
4    NaN
5    NaN
6    1.0
7    2.0
8    2.0
9    NaN
Name: price, dtype: float64"
53.355954,-6.278378,"0           Lilliput Stores
1        Light House Cinema
2                      BoCo
3            La Pausa Caffe
4    Old Jameson Distillery
5    Chapter One Restaurant
6           The Black Sheep
7            The Bald Eagle
8                      Wuff
9     Samuel Beckett Bridge
Name: name, dtype: object",0,"0    0.958540
1    0.990199
2    0.961255
3    0.977342
4    0.998857
5    0.956798
6    0.984371
7    0.981770
8    0.970884
9    0.998428
Name: popularity, dtype: float64","0    9.1
1    9.1
2    9.0
3    9.0
4    8.9
5    8.8
6    8.8
7    8.8
8    8.7
9    8.7
Name: rating, dtype: float64","0    NaN
1    NaN
2    1.0
3    1.0
4    2.0
5    NaN
6    2.0
7    3.0
8    NaN
9    NaN
Name: price, dtype: float64"
53.337824,-6.256035,"0           St. Stephen's Green
1                 Hodges Figgis
2           Merrion Square Park
3         Vintage Cocktail Club
4                 College Green
5                Iveagh Gardens
6             Murphys Ice Cream
7                Fallon & Byrne
8    Irish Film Institute (IFI)
9    Third Floor Espresso (3FE)
Name: name, dtype: object",0,"0    0.999829
1    0.997400
2    0.999486
3    0.963312
4    0.998543
5    0.983256
6    0.994857
7    0.985942
8    0.970627
9    0.992485
Name: popularity, dtype: float64","0    9.5
1    9.4
2    9.2
3    9.2
4    9.2
5    9.2
6    9.1
7    9.1
8    9.1
9    9.1
Name: rating, dtype: float64","0    NaN
1    NaN
2    NaN
3    3.0
4    NaN
5    NaN
6    1.0
7    2.0
8    2.0
9    2.0
Name: price, dtype: float64"
53.346603,-6.296924,"0                         Lilliput Stores
1    Phoenix Park, Park Gate St. Entrance
2                              PHX Bistro
3                     Guinness Storehouse
4                              Dublin Zoo
5          Phoenix Park Islandbridge Gate
6                        Container Coffee
7                                    Wuff
8           Gravity Bar, Guinness Factory
9              Fish Shop - Benburb Street
Name: name, dtype: object",0,"0    0.958540
1    0.892880
2    0.949454
3    0.999886
4    0.998028
5    0.956655
6    0.961826
7    0.970884
8    0.999371
9    0.970255
Name: popularity, dtype: float64","0    9.1
1    9.1
2    9.1
3    9.0
4    9.0
5    8.9
6    8.7
7    8.7
8    8.7
9    8.6
Name: rating, dtype: float64","0    NaN
1    NaN
2    NaN
3    3.0
4    NaN
5    NaN
6    1.0
7    NaN
8    2.0
9    1.0
Name: price, dtype: float64"
53.345922,-6.254614,"0      St. Stephen's Green
1            Hodges Figgis
2                 147 Deli
3      Merrion Square Park
4          The Porterhouse
5    Vintage Cocktail Club
6            College Green
7        Murphys Ice Cream
8           Fallon & Byrne
9          Brother Hubbard
Name: name, dtype: object",0,"0    0.999829
1    0.997400
2    0.977284
3    0.999486
4    0.995971
5    0.963312
6    0.998543
7    0.994857
8    0.985942
9    0.976313
Name: popularity, dtype: float64","0    9.5
1    9.4
2    9.4
3    9.2
4    9.2
5    9.2
6    9.2
7    9.1
8    9.1
9    9.1
Name: rating, dtype: float64","0    NaN
1    NaN
2    1.0
3    NaN
4    2.0
5    3.0
6    NaN
7    1.0
8    2.0
9    2.0
Name: price, dtype: float64"
53.359246,-6.269779,"0                     147 Deli
1                         BoCo
2      Gate Theatre Box Office
3               La Pausa Caffe
4       Chapter One Restaurant
5               The Bald Eagle
6        Delfin English School
7    El Grito Mexican Taqueria
8                The Back Page
9                        Shouk
Name: name, dtype: object",0,"0    0.977284
1    0.961255
2    0.929310
3    0.977342
4    0.956798
5    0.981770
6    0.958969
7    0.977656
8    0.967970
9    0.974456
Name: popularity, dtype: float64","0    9.4
1    9.0
2    9.0
3    9.0
4    8.8
5    8.8
6    8.7
7    8.7
8    8.7
9    8.6
Name: rating, dtype: float64","0    1.0
1    1.0
2    NaN
3    1.0
4    NaN
5    3.0
6    NaN
7    1.0
8    2.0
9    NaN
Name: price, dtype: float64"
53.330362,-6.265163,"0      St. Stephen's Green
1           Iveagh Gardens
2                Ernesto's
3              Bibi's Cafe
4         Hang Dai Chinese
5    Nick's Coffee Company
6           Stella Theatre
7                Blackbird
8                   Bunsen
9         Green Bench Cafe
Name: name, dtype: object",0,"0    0.999829
1    0.983256
2    0.973570
3    0.956512
4    0.938311
5    0.923967
6    0.954283
7    0.985456
8    0.968627
9    0.898166
Name: popularity, dtype: float64","0    9.5
1    9.2
2    9.1
3    9.1
4    9.0
5    9.0
6    9.0
7    9.0
8    9.0
9    9.0
Name: rating, dtype: float64","0    NaN
1    NaN
2    1.0
3    2.0
4    1.0
5    1.0
6    NaN
7    2.0
8    2.0
9    1.0
Name: price, dtype: float64"
53.359967,-6.264828,"0                     147 Deli
1      Gate Theatre Box Office
2           Croke Park Stadium
3               La Pausa Caffe
4       Chapter One Restaurant
5               The Bald Eagle
6        Delfin English School
7    El Grito Mexican Taqueria
8                The Back Page
9           Andersons Creperie
Name: name, dtype: object",0,"0    0.977284
1    0.929310
2    0.997200
3    0.977342
4    0.956798
5    0.981770
6    0.958969
7    0.977656
8    0.967970
9    0.905966
Name: popularity, dtype: float64","0    9.4
1    9.0
2    9.0
3    9.0
4    8.8
5    8.8
6    8.7
7    8.7
8    8.7
9    8.7
Name: rating, dtype: float64","0    1.0
1    NaN
2    NaN
3    1.0
4    NaN
5    3.0
6    NaN
7    1.0
8    2.0
9    1.0
Name: price, dtype: float64"
53.356769,-6.26814,"0                     147 Deli
1                     Hacienda
2                         BoCo
3      Gate Theatre Box Office
4               La Pausa Caffe
5              The Black Sheep
6               The Bald Eagle
7                        Dealz
8    El Grito Mexican Taqueria
9        Samuel Beckett Bridge
Name: name, dtype: object",0,"0    0.977284
1    0.920853
2    0.961255
3    0.929310
4    0.977342
5    0.984371
6    0.981770
7    0.992171
8    0.977656
9    0.998428
Name: popularity, dtype: float64","0    9.4
1    9.1
2    9.0
3    9.0
4    9.0
5    8.8
6    8.8
7    8.8
8    8.7
9    8.7
Name: rating, dtype: float64","0    1.0
1    1.0
2    1.0
3    NaN
4    1.0
5    2.0
6    3.0
7    NaN
8    1.0
9    NaN
Name: price, dtype: float64"
53.343456,-6.287409,"0               Urbanity Coffee
1    Teeling Whiskey Distillery
2               Lilliput Stores
3            Light House Cinema
4                    PHX Bistro
5           Guinness Storehouse
6               The Brazen Head
7        Old Jameson Distillery
8                  Vicar Street
9              Container Coffee
Name: name, dtype: object",0,"0    0.992885
1    0.995400
2    0.958540
3    0.990199
4    0.949454
5    0.999886
6    0.999114
7    0.998857
8    0.956197
9    0.961826
Name: popularity, dtype: float64","0    9.3
1    9.1
2    9.1
3    9.1
4    9.1
5    9.0
6    8.9
7    8.9
8    8.8
9    8.7
Name: rating, dtype: float64","0    1.0
1    NaN
2    NaN
3    NaN
4    NaN
5    3.0
6    2.0
7    2.0
8    NaN
9    1.0
Name: price, dtype: float64"
53.356717,-6.256359,"0                     147 Deli
1      Gate Theatre Box Office
2           Croke Park Stadium
3               La Pausa Caffe
4             The Pig & Heifer
5                        Dealz
6    El Grito Mexican Taqueria
7                     Da Mimmo
8                        Shouk
9              Laine, My Love.
Name: name, dtype: object",0,"0    0.977284
1    0.929310
2    0.997200
3    0.977342
4    0.980113
5    0.992171
6    0.977656
7    0.894280
8    0.974456
9    0.960426
Name: popularity, dtype: float64","0    9.4
1    9.0
2    9.0
3    9.0
4    8.9
5    8.8
6    8.7
7    8.7
8    8.6
9    8.6
Name: rating, dtype: float64","0    1.0
1    NaN
2    NaN
3    1.0
4    1.0
5    NaN
6    1.0
7    2.0
8    NaN
9    1.0
Name: price, dtype: float64"
53.339764,-6.251988,"0                 St. Stephen's Green
1                       Hodges Figgis
2                 Merrion Square Park
3               Vintage Cocktail Club
4                       College Green
5                      Iveagh Gardens
6                   Murphys Ice Cream
7          Apartment Grand Canal Dock
8                      Fallon & Byrne
9    EPIC The Irish Emigration Museum
Name: name, dtype: object",0,"0    0.999829
1    0.997400
2    0.999486
3    0.963312
4    0.998543
5    0.983256
6    0.994857
7    0.953369
8    0.985942
9    0.997143
Name: popularity, dtype: float64","0    9.5
1    9.4
2    9.2
3    9.2
4    9.2
5    9.2
6    9.1
7    9.1
8    9.1
9    9.1
Name: rating, dtype: float64","0    NaN
1    NaN
2    NaN
3    3.0
4    NaN
5    NaN
6    1.0
7    NaN
8    2.0
9    NaN
Name: price, dtype: float64"
53.34744,-6.238523,"0          Apartment Grand Canal Dock
1    EPIC The Irish Emigration Museum
2          Third Floor Espresso (3FE)
3                     Famine Memorial
4                    The Pig & Heifer
5            Bord Gáis Energy Theatre
6     Grand Canal Square (Waterfront)
7                     Laine, My Love.
8       IL Capo Italian Pizza & Pasta
9               Urban Picnic Facebook
Name: name, dtype: object",0,"0    0.953369
1    0.997143
2    0.992485
3    0.981713
4    0.980113
5    0.980513
6    0.948111
7    0.960426
8    0.968112
9    0.915709
Name: popularity, dtype: float64","0    9.1
1    9.1
2    9.1
3    8.9
4    8.9
5    8.9
6    8.7
7    8.6
8    8.6
9    8.6
Name: rating, dtype: float64","0    NaN
1    NaN
2    2.0
3    NaN
4    1.0
5    NaN
6    NaN
7    1.0
8    2.0
9    NaN
Name: price, dtype: float64"
53.355473,-6.264423,"0                       147 Deli
1                Brother Hubbard
2                       Hacienda
3                           BoCo
4        Gate Theatre Box Office
5              The Winding Stair
6                 La Pausa Caffe
7                      Oxmantown
8    Musashi Noodles & Sushi BAR
9                Vice Coffee Inc
Name: name, dtype: object",0,"0    0.977284
1    0.976313
2    0.920853
3    0.961255
4    0.929310
5    0.981456
6    0.977342
7    0.953769
8    0.968741
9    0.933596
Name: popularity, dtype: float64","0    9.4
1    9.1
2    9.1
3    9.0
4    9.0
5    9.0
6    9.0
7    8.9
8    8.9
9    8.9
Name: rating, dtype: float64","0    1.0
1    2.0
2    1.0
3    1.0
4    NaN
5    2.0
6    1.0
7    1.0
8    2.0
9    2.0
Name: price, dtype: float64"
53.347972,-6.291804,"0                         Urbanity Coffee
1                         Lilliput Stores
2    Phoenix Park, Park Gate St. Entrance
3                      Light House Cinema
4                              PHX Bistro
5                     Guinness Storehouse
6                  Old Jameson Distillery
7                        Container Coffee
8                                    Wuff
9           Gravity Bar, Guinness Factory
Name: name, dtype: object",0,"0    0.992885
1    0.958540
2    0.892880
3    0.990199
4    0.949454
5    0.999886
6    0.998857
7    0.961826
8    0.970884
9    0.999371
Name: popularity, dtype: float64","0    9.3
1    9.1
2    9.1
3    9.1
4    9.1
5    9.0
6    8.9
7    8.7
8    8.7
9    8.7
Name: rating, dtype: float64","0    1.0
1    NaN
2    NaN
3    NaN
4    NaN
5    3.0
6    2.0
7    1.0
8    NaN
9    2.0
Name: price, dtype: float64"
53.344007,-6.266802,"0           St. Stephen's Green
1                 Hodges Figgis
2             St Patrick's Park
3               Urbanity Coffee
4               The Porterhouse
5         Vintage Cocktail Club
6                 College Green
7             Murphys Ice Cream
8    Teeling Whiskey Distillery
9                Fallon & Byrne
Name: name, dtype: object",0,"0    0.999829
1    0.997400
2    0.999257
3    0.992885
4    0.995971
5    0.963312
6    0.998543
7    0.994857
8    0.995400
9    0.985942
Name: popularity, dtype: float64","0    9.5
1    9.4
2    9.3
3    9.3
4    9.2
5    9.2
6    9.2
7    9.1
8    9.1
9    9.1
Name: rating, dtype: float64","0    NaN
1    NaN
2    NaN
3    1.0
4    2.0
5    3.0
6    NaN
7    1.0
8    NaN
9    2.0
Name: price, dtype: float64"
53.347106,-6.292041,"0                         Urbanity Coffee
1                         Lilliput Stores
2    Phoenix Park, Park Gate St. Entrance
3                      Light House Cinema
4                              PHX Bistro
5                     Guinness Storehouse
6                  Old Jameson Distillery
7                        Container Coffee
8                                    Wuff
9           Gravity Bar, Guinness Factory
Name: name, dtype: object",0,"0    0.992885
1    0.958540
2    0.892880
3    0.990199
4    0.949454
5    0.999886
6    0.998857
7    0.961826
8    0.970884
9    0.999371
Name: popularity, dtype: float64","0    9.3
1    9.1
2    9.1
3    9.1
4    9.1
5    9.0
6    8.9
7    8.7
8    8.7
9    8.7
Name: rating, dtype: float64","0    1.0
1    NaN
2    NaN
3    NaN
4    NaN
5    3.0
6    2.0
7    1.0
8    NaN
9    2.0
Name: price, dtype: float64"
53.352149,-6.260533,"0                            147 Deli
1                     The Porterhouse
2               Vintage Cocktail Club
3                       College Green
4                     Brother Hubbard
5                            Hacienda
6    EPIC The Irish Emigration Museum
7          Irish Film Institute (IFI)
8                         Umi Falafel
9                    Shoe Lane Coffee
Name: name, dtype: object",0,"0    0.977284
1    0.995971
2    0.963312
3    0.998543
4    0.976313
5    0.920853
6    0.997143
7    0.970627
8    0.963455
9    0.989771
Name: popularity, dtype: float64","0    9.4
1    9.2
2    9.2
3    9.2
4    9.1
5    9.1
6    9.1
7    9.1
8    9.0
9    9.0
Name: rating, dtype: float64","0    1.0
1    2.0
2    3.0
3    NaN
4    2.0
5    1.0
6    NaN
7    2.0
8    1.0
9    1.0
Name: price, dtype: float64"
53.345203,-6.247163,"0                       Hodges Figgis
1                 Merrion Square Park
2                       College Green
3                   Murphys Ice Cream
4          Apartment Grand Canal Dock
5    EPIC The Irish Emigration Museum
6          Third Floor Espresso (3FE)
7                    Shoe Lane Coffee
8                         Coffeeangel
9                              Bunsen
Name: name, dtype: object",0,"0    0.997400
1    0.999486
2    0.998543
3    0.994857
4    0.953369
5    0.997143
6    0.992485
7    0.989771
8    0.985342
9    0.989228
Name: popularity, dtype: float64","0    9.4
1    9.2
2    9.2
3    9.1
4    9.1
5    9.1
6    9.1
7    9.0
8    9.0
9    9.0
Name: rating, dtype: float64","0    NaN
1    NaN
2    NaN
3    1.0
4    NaN
5    NaN
6    2.0
7    1.0
8    1.0
9    2.0
Name: price, dtype: float64"
53.353331,-6.249319,"0                            147 Deli
1    EPIC The Irish Emigration Museum
2                    Shoe Lane Coffee
3             Gate Theatre Box Office
4                  Croke Park Stadium
5                     Famine Memorial
6                    The Pig & Heifer
7                               Dealz
8           El Grito Mexican Taqueria
9                            Da Mimmo
Name: name, dtype: object",0,"0    0.977284
1    0.997143
2    0.989771
3    0.929310
4    0.997200
5    0.981713
6    0.980113
7    0.992171
8    0.977656
9    0.894280
Name: popularity, dtype: float64","0    9.4
1    9.1
2    9.0
3    9.0
4    9.0
5    8.9
6    8.9
7    8.8
8    8.7
9    8.7
Name: rating, dtype: float64","0    1.0
1    NaN
2    1.0
3    NaN
4    NaN
5    NaN
6    1.0
7    NaN
8    1.0
9    2.0
Name: price, dtype: float64"
53.338776,-6.30395,"0         Irish National War Memorial Gardens
1                             Kilmainham Gaol
2                   Royal Hospital Kilmainham
3               Dublin Food Co-op, Kilmainham
4                                 Story Board
5                               Old Royal Oak
6                          The Natural Bakery
7    Royal Hospital Kilmainham Formal Gardens
8                               LimeTree Cafe
9                  Irish Museum of Modern Art
Name: name, dtype: object",0,"0    0.987542
1    0.993142
2    0.988342
3    0.876422
4    0.949540
5    0.969427
6    0.925367
7    0.950311
8    0.930825
9    0.983056
Name: popularity, dtype: float64","0    9.4
1    8.9
2    8.5
3    8.3
4    8.3
5    8.2
6    8.0
7    8.0
8    7.7
9    7.7
Name: rating, dtype: float64","0    NaN
1    NaN
2    NaN
3    NaN
4    1.0
5    2.0
6    1.0
7    NaN
8    2.0
9    NaN
Name: price, dtype: float64"
53.359157,-6.281866,"0        The Bald Eagle
1         The Back Page
2                 Slice
3        Clarkes Bakery
4      Blessington Park
5    L. Mulligan Grocer
6                 Grano
7       The Drink Store
8             Bang Bang
9         Two Boys Brew
Name: name, dtype: object",0,"0    0.981770
1    0.967970
2    0.960055
3    0.932853
4    0.996543
5    0.962112
6    0.976713
7    0.962969
8    0.955140
9    0.947654
Name: popularity, dtype: float64","0    8.8
1    8.7
2    8.4
3    8.3
4    8.3
5    8.3
6    8.1
7    8.0
8    8.0
9    8.0
Name: rating, dtype: float64","0    3.0
1    2.0
2    1.0
3    1.0
4    NaN
5    3.0
6    2.0
7    NaN
8    1.0
9    1.0
Name: price, dtype: float64"
53.349013,-6.260311,"0                       Hodges Figgis
1                            147 Deli
2                     The Porterhouse
3               Vintage Cocktail Club
4                       College Green
5                   Murphys Ice Cream
6                      Fallon & Byrne
7                     Brother Hubbard
8                            Hacienda
9    EPIC The Irish Emigration Museum
Name: name, dtype: object",0,"0    0.997400
1    0.977284
2    0.995971
3    0.963312
4    0.998543
5    0.994857
6    0.985942
7    0.976313
8    0.920853
9    0.997143
Name: popularity, dtype: float64","0    9.4
1    9.4
2    9.2
3    9.2
4    9.2
5    9.1
6    9.1
7    9.1
8    9.1
9    9.1
Name: rating, dtype: float64","0    NaN
1    1.0
2    2.0
3    3.0
4    NaN
5    1.0
6    2.0
7    2.0
8    1.0
9    NaN
Name: price, dtype: float64"
53.358437,-6.260641,"0                     147 Deli
1      Gate Theatre Box Office
2           Croke Park Stadium
3               La Pausa Caffe
4               The Bald Eagle
5                        Dealz
6    El Grito Mexican Taqueria
7                The Back Page
8           Andersons Creperie
9                        Shouk
Name: name, dtype: object",0,"0    0.977284
1    0.929310
2    0.997200
3    0.977342
4    0.981770
5    0.992171
6    0.977656
7    0.967970
8    0.905966
9    0.974456
Name: popularity, dtype: float64","0    9.4
1    9.0
2    9.0
3    9.0
4    8.8
5    8.8
6    8.7
7    8.7
8    8.7
9    8.6
Name: rating, dtype: float64","0    1.0
1    NaN
2    NaN
3    1.0
4    3.0
5    NaN
6    1.0
7    2.0
8    1.0
9    NaN
Name: price, dtype: float64"
53.335211,-6.2509,"0           St. Stephen's Green
1                 Hodges Figgis
2           Merrion Square Park
3                Iveagh Gardens
4    Third Floor Espresso (3FE)
5        Butlers Chocolate Café
6                   Coffeeangel
7              Green Bench Cafe
8                        Bunsen
9              Peruke & Periwig
Name: name, dtype: object",0,"0    0.999829
1    0.997400
2    0.999486
3    0.983256
4    0.992485
5    0.998714
6    0.985342
7    0.898166
8    0.989228
9    0.953340
Name: popularity, dtype: float64","0    9.5
1    9.4
2    9.2
3    9.2
4    9.1
5    9.0
6    9.0
7    9.0
8    9.0
9    9.0
Name: rating, dtype: float64","0    NaN
1    NaN
2    NaN
3    NaN
4    2.0
5    1.0
6    1.0
7    1.0
8    2.0
9    3.0
Name: price, dtype: float64"
53.339629,-6.243778,"0           Merrion Square Park
1    Apartment Grand Canal Dock
2    Third Floor Espresso (3FE)
3                   Coffeeangel
4             Juniors Deli Cafe
5                Paulie's Pizza
6              Peruke & Periwig
7                    Press Cafe
8                    Lotts & Co
9      Bord Gáis Energy Theatre
Name: name, dtype: object",0,"0    0.999486
1    0.953369
2    0.992485
3    0.985342
4    0.913995
5    0.940425
6    0.953340
7    0.918452
8    0.976884
9    0.980513
Name: popularity, dtype: float64","0    9.2
1    9.1
2    9.1
3    9.0
4    9.0
5    9.0
6    9.0
7    8.9
8    8.9
9    8.9
Name: rating, dtype: float64","0    NaN
1    NaN
2    2.0
3    1.0
4    2.0
5    2.0
6    3.0
7    1.0
8    NaN
9    NaN
Name: price, dtype: float64"
53.341359,-6.292951,"0    Irish National War Memorial Gardens
1                             PHX Bistro
2                    Guinness Storehouse
3                       Container Coffee
4                                   Wuff
5          Gravity Bar, Guinness Factory
6                        Legit Coffee Co
7             Fish Shop - Benburb Street
8       Phoenix Park Conyngham Road Gate
9              Royal Hospital Kilmainham
Name: name, dtype: object",0,"0    0.987542
1    0.949454
2    0.999886
3    0.961826
4    0.970884
5    0.999371
6    0.912338
7    0.970255
8    0.983513
9    0.988342
Name: popularity, dtype: float64","0    9.4
1    9.1
2    9.0
3    8.7
4    8.7
5    8.7
6    8.7
7    8.6
8    8.6
9    8.5
Name: rating, dtype: float64","0    NaN
1    NaN
2    3.0
3    1.0
4    NaN
5    2.0
6    1.0
7    1.0
8    NaN
9    NaN
Name: price, dtype: float64"
53.332763,-6.257942,"0       St. Stephen's Green
1       Merrion Square Park
2            Iveagh Gardens
3               Bibi's Cafe
4    Butlers Chocolate Café
5     Nick's Coffee Company
6                 Blackbird
7                    Bunsen
8          Green Bench Cafe
9                    Bunsen
Name: name, dtype: object",0,"0    0.999829
1    0.999486
2    0.983256
3    0.956512
4    0.998714
5    0.923967
6    0.985456
7    0.968627
8    0.898166
9    0.989228
Name: popularity, dtype: float64","0    9.5
1    9.2
2    9.2
3    9.1
4    9.0
5    9.0
6    9.0
7    9.0
8    9.0
9    9.0
Name: rating, dtype: float64","0    NaN
1    NaN
2    NaN
3    2.0
4    1.0
5    1.0
6    2.0
7    2.0
8    1.0
9    2.0
Name: price, dtype: float64"
53.351182,-6.269859,"0                      147 Deli
1               Urbanity Coffee
2               The Porterhouse
3         Vintage Cocktail Club
4               Lilliput Stores
5                Fallon & Byrne
6               Brother Hubbard
7                      Hacienda
8    Irish Film Institute (IFI)
9            Light House Cinema
Name: name, dtype: object",0,"0    0.977284
1    0.992885
2    0.995971
3    0.963312
4    0.958540
5    0.985942
6    0.976313
7    0.920853
8    0.970627
9    0.990199
Name: popularity, dtype: float64","0    9.4
1    9.3
2    9.2
3    9.2
4    9.1
5    9.1
6    9.1
7    9.1
8    9.1
9    9.1
Name: rating, dtype: float64","0    1.0
1    1.0
2    2.0
3    3.0
4    NaN
5    2.0
6    2.0
7    1.0
8    2.0
9    NaN
Name: price, dtype: float64"
53.3483,-6.266651,"0            Hodges Figgis
1                 147 Deli
2        St Patrick's Park
3          Urbanity Coffee
4          The Porterhouse
5    Vintage Cocktail Club
6            College Green
7        Murphys Ice Cream
8           Fallon & Byrne
9          Brother Hubbard
Name: name, dtype: object",0,"0    0.997400
1    0.977284
2    0.999257
3    0.992885
4    0.995971
5    0.963312
6    0.998543
7    0.994857
8    0.985942
9    0.976313
Name: popularity, dtype: float64","0    9.4
1    9.4
2    9.3
3    9.3
4    9.2
5    9.2
6    9.2
7    9.1
8    9.1
9    9.1
Name: rating, dtype: float64","0    NaN
1    1.0
2    NaN
3    1.0
4    2.0
5    3.0
6    NaN
7    1.0
8    2.0
9    2.0
Name: price, dtype: float64"
53.346057,-6.268001,"0            Hodges Figgis
1                 147 Deli
2        St Patrick's Park
3          Urbanity Coffee
4          The Porterhouse
5    Vintage Cocktail Club
6            College Green
7        Murphys Ice Cream
8           Fallon & Byrne
9          Brother Hubbard
Name: name, dtype: object",0,"0    0.997400
1    0.977284
2    0.999257
3    0.992885
4    0.995971
5    0.963312
6    0.998543
7    0.994857
8    0.985942
9    0.976313
Name: popularity, dtype: float64","0    9.4
1    9.4
2    9.3
3    9.3
4    9.2
5    9.2
6    9.2
7    9.1
8    9.1
9    9.1
Name: rating, dtype: float64","0    NaN
1    1.0
2    NaN
3    1.0
4    2.0
5    3.0
6    NaN
7    1.0
8    2.0
9    2.0
Name: price, dtype: float64"
53.354663,-6.278681,"0           Urbanity Coffee
1           Lilliput Stores
2                  Hacienda
3        Light House Cinema
4                PHX Bistro
5                      BoCo
6            La Pausa Caffe
7    Old Jameson Distillery
8    Chapter One Restaurant
9           The Black Sheep
Name: name, dtype: object",0,"0    0.992885
1    0.958540
2    0.920853
3    0.990199
4    0.949454
5    0.961255
6    0.977342
7    0.998857
8    0.956798
9    0.984371
Name: popularity, dtype: float64","0    9.3
1    9.1
2    9.1
3    9.1
4    9.1
5    9.0
6    9.0
7    8.9
8    8.8
9    8.8
Name: rating, dtype: float64","0    1.0
1    NaN
2    1.0
3    NaN
4    NaN
5    1.0
6    1.0
7    2.0
8    NaN
9    2.0
Name: price, dtype: float64"
53.356299,-6.258586,"0                     147 Deli
1                         BoCo
2      Gate Theatre Box Office
3           Croke Park Stadium
4               La Pausa Caffe
5             The Pig & Heifer
6              Vice Coffee Inc
7                        Dealz
8    El Grito Mexican Taqueria
9                The Back Page
Name: name, dtype: object",0,"0    0.977284
1    0.961255
2    0.929310
3    0.997200
4    0.977342
5    0.980113
6    0.933596
7    0.992171
8    0.977656
9    0.967970
Name: popularity, dtype: float64","0    9.4
1    9.0
2    9.0
3    9.0
4    9.0
5    8.9
6    8.9
7    8.8
8    8.7
9    8.7
Name: rating, dtype: float64","0    1.0
1    1.0
2    NaN
3    NaN
4    1.0
5    1.0
6    2.0
7    NaN
8    1.0
9    2.0
Name: price, dtype: float64"
53.332383,-6.252717,"0      St. Stephen's Green
1      Merrion Square Park
2           Iveagh Gardens
3    Nick's Coffee Company
4         Green Bench Cafe
5    Brother Hubbard South
6         Peruke & Periwig
7          Canal Bank Café
8             Wall & Keogh
9          Sophie's Dublin
Name: name, dtype: object",0,"0    0.999829
1    0.999486
2    0.983256
3    0.923967
4    0.898166
5    0.982570
6    0.953340
7    0.936854
8    0.960341
9    0.979370
Name: popularity, dtype: float64","0    9.5
1    9.2
2    9.2
3    9.0
4    9.0
5    9.0
6    9.0
7    9.0
8    8.9
9    8.9
Name: rating, dtype: float64","0    NaN
1    NaN
2    NaN
3    1.0
4    1.0
5    1.0
6    3.0
7    1.0
8    2.0
9    3.0
Name: price, dtype: float64"
53.340714,-6.308191,"0                             Kilmainham Gaol
1              Phoenix Park Islandbridge Gate
2                   Royal Hospital Kilmainham
3               Dublin Food Co-op, Kilmainham
4                                 Story Board
5                               Old Royal Oak
6                          The Natural Bakery
7    Royal Hospital Kilmainham Formal Gardens
8                               LimeTree Cafe
9                  Irish Museum of Modern Art
Name: name, dtype: object",0,"0    0.993142
1    0.956655
2    0.988342
3    0.876422
4    0.949540
5    0.969427
6    0.925367
7    0.950311
8    0.930825
9    0.983056
Name: popularity, dtype: float64","0    8.9
1    8.9
2    8.5
3    8.3
4    8.3
5    8.2
6    8.0
7    8.0
8    7.7
9    7.7
Name: rating, dtype: float64","0    NaN
1    NaN
2    NaN
3    NaN
4    1.0
5    2.0
6    1.0
7    NaN
8    2.0
9    NaN
Name: price, dtype: float64"
53.347802,-6.292432,"0                         Urbanity Coffee
1                         Lilliput Stores
2    Phoenix Park, Park Gate St. Entrance
3                      Light House Cinema
4                              PHX Bistro
5                     Guinness Storehouse
6                              Dublin Zoo
7                        Container Coffee
8                                    Wuff
9           Gravity Bar, Guinness Factory
Name: name, dtype: object",0,"0    0.992885
1    0.958540
2    0.892880
3    0.990199
4    0.949454
5    0.999886
6    0.998028
7    0.961826
8    0.970884
9    0.999371
Name: popularity, dtype: float64","0    9.3
1    9.1
2    9.1
3    9.1
4    9.1
5    9.0
6    9.0
7    8.7
8    8.7
9    8.7
Name: rating, dtype: float64","0    1.0
1    NaN
2    NaN
3    NaN
4    NaN
5    3.0
6    NaN
7    1.0
8    NaN
9    2.0
Name: price, dtype: float64"
53.34218,-6.254485,"0           St. Stephen's Green
1                 Hodges Figgis
2           Merrion Square Park
3               The Porterhouse
4         Vintage Cocktail Club
5                 College Green
6                Iveagh Gardens
7             Murphys Ice Cream
8    Apartment Grand Canal Dock
9                Fallon & Byrne
Name: name, dtype: object",0,"0    0.999829
1    0.997400
2    0.999486
3    0.995971
4    0.963312
5    0.998543
6    0.983256
7    0.994857
8    0.953369
9    0.985942
Name: popularity, dtype: float64","0    9.5
1    9.4
2    9.2
3    9.2
4    9.2
5    9.2
6    9.2
7    9.1
8    9.1
9    9.1
Name: rating, dtype: float64","0    NaN
1    NaN
2    NaN
3    2.0
4    3.0
5    NaN
6    NaN
7    1.0
8    NaN
9    2.0
Name: price, dtype: float64"
53.3488,-6.281637,"0        Urbanity Coffee
1        Lilliput Stores
2        Brother Hubbard
3               Hacienda
4     Light House Cinema
5             PHX Bistro
6         Queen of Tarts
7                   BoCo
8    Guinness Storehouse
9              Oxmantown
Name: name, dtype: object",0,"0    0.992885
1    0.958540
2    0.976313
3    0.920853
4    0.990199
5    0.949454
6    0.976742
7    0.961255
8    0.999886
9    0.953769
Name: popularity, dtype: float64","0    9.3
1    9.1
2    9.1
3    9.1
4    9.1
5    9.1
6    9.0
7    9.0
8    9.0
9    8.9
Name: rating, dtype: float64","0    1.0
1    NaN
2    2.0
3    1.0
4    NaN
5    NaN
6    2.0
7    1.0
8    3.0
9    1.0
Name: price, dtype: float64"
53.340927,-6.262501,"0      St. Stephen's Green
1            Hodges Figgis
2        St Patrick's Park
3      Merrion Square Park
4          The Porterhouse
5    Vintage Cocktail Club
6            College Green
7           Iveagh Gardens
8        Murphys Ice Cream
9           Fallon & Byrne
Name: name, dtype: object",0,"0    0.999829
1    0.997400
2    0.999257
3    0.999486
4    0.995971
5    0.963312
6    0.998543
7    0.983256
8    0.994857
9    0.985942
Name: popularity, dtype: float64","0    9.5
1    9.4
2    9.3
3    9.2
4    9.2
5    9.2
6    9.2
7    9.2
8    9.1
9    9.1
Name: rating, dtype: float64","0    NaN
1    NaN
2    NaN
3    NaN
4    2.0
5    3.0
6    NaN
7    NaN
8    1.0
9    2.0
Name: price, dtype: float64"
53.336597,-6.248109,"0           St. Stephen's Green
1                 Hodges Figgis
2           Merrion Square Park
3                Iveagh Gardens
4    Apartment Grand Canal Dock
5    Third Floor Espresso (3FE)
6        Butlers Chocolate Café
7                   Coffeeangel
8             Juniors Deli Cafe
9                Paulie's Pizza
Name: name, dtype: object",0,"0    0.999829
1    0.997400
2    0.999486
3    0.983256
4    0.953369
5    0.992485
6    0.998714
7    0.985342
8    0.913995
9    0.940425
Name: popularity, dtype: float64","0    9.5
1    9.4
2    9.2
3    9.2
4    9.1
5    9.1
6    9.0
7    9.0
8    9.0
9    9.0
Name: rating, dtype: float64","0    NaN
1    NaN
2    NaN
3    NaN
4    NaN
5    2.0
6    1.0
7    1.0
8    2.0
9    2.0
Name: price, dtype: float64"
53.3537415547453,-6.26530144781526,"0                   147 Deli
1            The Porterhouse
2      Vintage Cocktail Club
3            Brother Hubbard
4                   Hacienda
5           Shoe Lane Coffee
6                       BoCo
7    Gate Theatre Box Office
8          The Winding Stair
9             La Pausa Caffe
Name: name, dtype: object",0,"0    0.977284
1    0.995971
2    0.963312
3    0.976313
4    0.920853
5    0.989771
6    0.961255
7    0.929310
8    0.981456
9    0.977342
Name: popularity, dtype: float64","0    9.4
1    9.2
2    9.2
3    9.1
4    9.1
5    9.0
6    9.0
7    9.0
8    9.0
9    9.0
Name: rating, dtype: float64","0    1.0
1    2.0
2    3.0
3    2.0
4    1.0
5    1.0
6    1.0
7    NaN
8    2.0
9    1.0
Name: price, dtype: float64"
53.344603,-6.263371,"0      St. Stephen's Green
1            Hodges Figgis
2        St Patrick's Park
3      Merrion Square Park
4          The Porterhouse
5    Vintage Cocktail Club
6            College Green
7        Murphys Ice Cream
8           Fallon & Byrne
9          Brother Hubbard
Name: name, dtype: object",0,"0    0.999829
1    0.997400
2    0.999257
3    0.999486
4    0.995971
5    0.963312
6    0.998543
7    0.994857
8    0.985942
9    0.976313
Name: popularity, dtype: float64","0    9.5
1    9.4
2    9.3
3    9.2
4    9.2
5    9.2
6    9.2
7    9.1
8    9.1
9    9.1
Name: rating, dtype: float64","0    NaN
1    NaN
2    NaN
3    NaN
4    2.0
5    3.0
6    NaN
7    1.0
8    2.0
9    2.0
Name: price, dtype: float64"
53.347692,-6.278214,"0             St Patrick's Park
1               Urbanity Coffee
2               The Porterhouse
3               Lilliput Stores
4               Brother Hubbard
5                      Hacienda
6    Irish Film Institute (IFI)
7            Light House Cinema
8                    PHX Bistro
9                Queen of Tarts
Name: name, dtype: object",0,"0    0.999257
1    0.992885
2    0.995971
3    0.958540
4    0.976313
5    0.920853
6    0.970627
7    0.990199
8    0.949454
9    0.976742
Name: popularity, dtype: float64","0    9.3
1    9.3
2    9.2
3    9.1
4    9.1
5    9.1
6    9.1
7    9.1
8    9.1
9    9.0
Name: rating, dtype: float64","0    NaN
1    1.0
2    2.0
3    NaN
4    2.0
5    1.0
6    2.0
7    NaN
8    NaN
9    2.0
Name: price, dtype: float64"
53.342081,-6.275233,"0             St Patrick's Park
1               Urbanity Coffee
2               The Porterhouse
3         Vintage Cocktail Club
4             Murphys Ice Cream
5    Teeling Whiskey Distillery
6                Fallon & Byrne
7               Brother Hubbard
8                      Hacienda
9                   Bibi's Cafe
Name: name, dtype: object",0,"0    0.999257
1    0.992885
2    0.995971
3    0.963312
4    0.994857
5    0.995400
6    0.985942
7    0.976313
8    0.920853
9    0.956512
Name: popularity, dtype: float64","0    9.3
1    9.3
2    9.2
3    9.2
4    9.1
5    9.1
6    9.1
7    9.1
8    9.1
9    9.1
Name: rating, dtype: float64","0    NaN
1    1.0
2    2.0
3    3.0
4    1.0
5    NaN
6    2.0
7    2.0
8    1.0
9    2.0
Name: price, dtype: float64"
